Bed_Number,beds_1A,gsize_1A,facies_1A,lith_1A,amal_1A,beds_1B,gsize_1B,facies_1B,lith_1B,amal_1B,beds_1C,gsize_1C,facies_1C,lith_1C,amal_1C,beds_2A,gsize_2A,facies_2A,lith_2A,amal_2A,beds_3A,gsize_3A,facies_3A,lith_3A,amal_3A,beds_3B,gsize_3B,facies_3B,lith_3B,amal_3B,beds_4A,gsize_4A,facies_4A,lith_4A,amal_4A,beds_5A,gsize_5A,facies_5A,lith_5A,amal_5A,beds_5B,gsize_5B,facies_5B,lith_5B,amal_5B,beds_5C,gsize_5C,facies_5C,lith_5C,amal_5C,beds_6A,gsize_6A,facies_6A,lith_6A,amal_6A,beds_7A,gsize_7A,facies_7A,lith_7A,amal_7A,beds_7B,gsize_7B,facies_7B,lith_7B,amal_7B,beds_7C,gsize_7C,facies_7C,lith_7C,amal_7C,beds_7D,gsize_7D,facies_7D,lith_7D,amal_7D,beds_8A,gsize_8A,facies_8A,lith_8A,amal_8A,beds_8B,gsize_8B,facies_8B,lith_8B,amal_8B,beds_8C,gsize_8C,facies_8C,lith_8C,amal_8C,beds_9A,gsize_9A,facies_9A,lith_9A,amal_9A,beds_10A,gsize_10A,facies_10A,lith_10A,amal_10A,beds_11A,gsize_11A,facies_11A,lith_11A,amal_11A,beds_12A,gsize_12A,facies_12A,lith_12A,amal_12A,beds_13A,gsize_13A,facies_13A,lith_13A,amal_13A,beds_13B,gsize_13B,facies_13B,lith_13B,amal_13B
1,25,2,1,1,1,39,2,1,1,0,62,4,4,1,0,60,2,1,1,0,5,3,3,1,0,3.5,3,3,1,0,32,1,1,1,0,190,3,7,2,0,16,6,2,2,0,26,2,1,1,0,137,5,7,2,1,18,8,4,2,,16,3,4,1,,295,8,7,2,1,3.5,3,3,2,,11,1,1,2,,9,5,3,2,,35,2,1,2,,27,7,7,2,,5,3,3,1,,53,3,6,2,,12,6,4,2,,16,5,4,1,1,73,8,7,2,1
2,8,2,1,1,1,80,5,5,1,1,15,5,6,1,0,12,4,4,1,0,7,1,1,1,0,4,1,1,1,0,34,2,1,1,0,62,7,5,2,0,6,6,3,2,0,6,5,3,2,0,35,5,7,2,1,15,1,1,2,,1,1,1,1,,64,8,5,2,1,1,1,1,2,,15,3,4,2,1,20,2,1,2,,4,5,6,2,,194,8,7,2,,1.5,1,1,1,,6,1,1,1,,9,2,1,1,,18,6,2,2,1,92,8,7,2,1
3,24,3,4,1,0,24,4,4,1,1,36,1,1,1,0,4,2,1,1,0,4,3,3,1,0,2.5,3,3,1,0,99,1,1,1,0,58,7,5,2,0,1,1,1,1,0,16,1,1,1,0,140,2,1,1,,4,7,3,2,,13.5,4,4,1,,30,8,7,2,1,3,3,3,2,,17,3,4,2,1,13,5,3,2,,57,2,1,2,,8,2,1,1,,6,3,3,1,,10,7,3,2,,4.5,3,3,1,1,267,8,7,2,,70,6,5,2,1
4,8,2,1,1,0,1,1,1,1,0,49,4,4,1,0,33,4,4,1,1,4,1,1,1,0,7,4,3,1,0,15,3,4,1,1,26,5,5,2,0,18,7,2,2,0,2,3,3,1,0,80,5,7,2,1,18,1,1,2,,2,1,1,1,,3,8,3,2,,1,1,1,2,,6,4,3,2,1,1,1,1,2,,13,5,3,2,1,2,6,3,2,,10,1,1,1,,4,2,1,,,14,3,4,1,1,1,1,1,1,,135,8,7,2,1
5,15,3,4,1,1,10,2,1,1,0,9,2,1,1,0,40,4,4,1,1,2,3,3,1,1,4,5,3,1,0,8,3,3,1,1,102,5,7,2,0,7,7,3,2,1,3,1,1,1,0,7,5,7,2,1,4,6,3,2,,2,5,3,2,,1.5,1,1,2,,3.5,5,3,2,1,10,5,3,2,1,17,5,3,2,1,10,4,4,2,1,29,2,1,1,,15,3,4,1,,1,3,3,1,1,0.5,1,1,1,,5,6,3,2,,65,8,7,2,1
6,24,3,4,1,1,9,1,1,1,0,10,4,4,1,0,20,3,6,1,0,5,3,3,1,1,5,1,1,1,0,8,3,3,1,1,11,5,4,2,1,8,7,3,2,1,4,3,3,1,0,45,2,1,1,,15,1,1,2,,4,1,1,1,,48,7,2,2,,3,3,3,1,1,14,3,4,2,1,6,6,3,2,1,5,1,1,2,,7.5,6,3,2,,3,1,1,1,,0.5,3,3,1,1,11,6,2,2,,22,1,1,1,,103,8,7,2,1
7,28,2,1,1,0,81,4,5,1,0,4,1,1,1,0,61,3,4,1,0,6,3,3,1,1,5,5,3,1,0,6,3,3,1,1,21,5,4,2,1,6,1,1,1,0,16,1,1,1,0,12,5,4,2,,5,5,3,2,,7,5,3,2,,4,1,1,2,,2,3,3,1,1,68,5,4,2,1,7,2,1,2,,3,5,3,2,,14.5,1,1,1,,11,4,4,1,1,2,6,3,2,,1,1,1,1,,12,3,4,1,1,39,8,2,2,
8,22,3,4,1,0,9,1,1,1,0,19,4,4,1,0,8,2,1,1,0,2,1,1,1,0,10,1,1,1,0,13,3,4,1,1,15,5,4,2,1,14,6,4,2,0,10,5,4,2,0,8,2,1,1,,9,1,1,2,,1,1,1,1,,19.5,8,4,2,1,3,1,1,2,,15,5,4,2,1,2,4,3,2,1,1,1,1,2,,1,4,3,1,,2,6,3,2,1,11,2,1,1,,2,3,3,1,,2,5,3,2,1,86,7,7,2,1
9,52,2,1,1,1,39,4,4,1,1,10,2,1,1,0,103,3,6,2,0,10,3,4,1,0,2,4,3,1,0,30,8,6,1,0,18,5,4,2,1,20,7,4,2,0,7,3,3,1,0,17,5,2,2,,0.5,6,3,2,,2.5,5,3,2,,15,7,4,2,1,4.5,3,3,2,,3,1,1,2,,7,3,3,2,1,2.5,5,3,2,,10,2,1,1,,9,1,1,1,,2,5,3,2,1,0.5,1,1,1,,10,3,4,1,1,50,8,7,2,1
10,8,2,1,1,1,26,4,4,1,1,27,4,4,1,1,45,6,4,2,1,0.5,1,1,1,0,48,1,1,1,0,20,8,6,1,0,16,5,4,2,1,19,7,4,2,0,107,2,1,1,0,3,6,2,2,1,22,1,1,2,,1,1,1,1,,30,7,7,2,1,2.5,1,1,2,,13,4,4,2,1,29,5,5,2,1,1,1,1,2,,1.5,6,3,2,,4,5,3,2,,1,5,3,2,1,3,3,3,1,,0.5,4,3,1,1,40,1,1,1,
11,10,4,4,1,0,63,5,5,1,0,25,4,4,1,1,30,7,4,2,1,8,3,3,1,0,5,4,3,1,0,30,5,4,1,0,556,6,5,2,0,190,1,1,1,0,11,2,4,1,0,8,6,2,2,1,0.5,6,3,2,,6,5,3,2,,110,8,7,2,,4,3,3,1,,8,5,3,2,1,12,4,4,2,1,9,5,3,2,,60,2,1,1,,4,1,1,1,,5,2,1,1,,0.5,1,1,1,,1.1,4,3,1,1,137,8,7,2,1
12,46,2,1,1,0,9,1,1,1,0,5,2,1,1,0,10,1,1,1,0,0.5,1,1,1,0,0.5,1,1,1,0,20,1,1,1,0,,,,,,120,3,7,2,0,6,2,1,1,0,94,3,6,2,,5,1,1,2,,14,1,1,1,,96,8,7,2,1,7.5,6,3,2,,9,4,3,2,1,10,5,3,2,1,8,1,1,2,,4,3,3,1,,10,3,4,1,,3,6,3,2,1,3.5,3,3,1,,1.2,4,3,1,1,27,7,5,2,1
13,20,3,4,1,0,24,2,1,1,0,6,3,3,1,0,29,5,4,2,1,7,3,3,1,0,17,5,4,1,1,85,8,6,1,0,,,,,,42,7,5,2,0,5,3,3,1,0,39,7,7,2,,0.5,5,3,2,,4,5,3,2,,97,8,7,2,1,2.5,1,1,2,,4,3,3,2,1,11,5,4,2,1,4,6,3,2,,19,2,1,1,,0.5,1,1,1,,5,4,3,1,1,3,5,3,2,,12.5,3,4,1,,,,,,
14,40,2,1,1,0,35,3,4,1,0,8,2,1,1,0,19,5,4,2,1,0.5,1,1,1,0,12,5,4,1,1,93,5,5,2,0,,,,,,,,,,,37,2,1,1,0,20,3,4,2,,5,1,1,2,,2,1,1,2,,5,7,3,2,1,3,6,3,2,,3,6,3,2,1,10,6,3,2,1,5,1,1,2,,2,3,3,1,,5,3,3,1,,0.5,4,3,1,1,0.5,1,1,1,,0.1,5,3,2,,,,,,
15,40,4,4,1,0,12,1,1,1,0,17,4,4,1,1,8,5,3,2,1,6,3,3,1,0,5,1,1,1,0,15,1,1,1,0,,,,,,,,,,,4,5,3,2,1,20,7,7,2,,3,7,3,2,,5.5,3,3,1,,5.5,7,3,2,1,4,1,1,1,,2,1,1,2,,2,1,1,2,,4,5,3,2,,7,2,1,1,,1.5,1,1,1,,4,2,1,1,,4.5,4,3,1,1,0.1,5,3,2,,,,,,
16,25,2,1,1,0,,,,,,13,4,4,1,1,25,4,4,2,1,20,2,1,1,0,7,4,3,1,0,15,6,4,2,0,,,,,,,,,,,7,5,3,2,1,26,8,7,2,,11,1,1,2,,1,1,1,1,,4.5,7,3,2,1,10.5,3,4,2,,2,6,3,2,,5,5,3,2,1,2,1,1,2,,3,3,3,1,,5,3,3,1,1,5,5,3,1,1,3,3,3,1,1,0.2,5,3,2,,,,,,
17,75,2,1,1,0,,,,,,33,4,4,1,1,6,2,1,1,0,5,4,3,1,0,36,1,1,1,0,15,3,4,1,0,,,,,,,,,,,40,2,1,1,0,6,3,4,2,,1.8,7,3,2,,6,5,3,2,,86,8,7,2,,0.5,4,3,2,,1,1,1,2,,15,5,4,2,1,4,5,3,2,,14,2,1,1,,15.5,3,4,1,1,1,6,3,2,1,2,5,3,2,1,1,6,3,2,,,,,,
18,14,2,1,1,0,,,,,,70,3,6,1,0,2,1,1,1,0,3,1,1,1,0,3,4,3,1,1,68,2,1,1,0,,,,,,,,,,,5,3,3,1,0,10,6,4,2,,36,1,1,2,,1,1,1,2,,,,,,,0.5,5,3,2,,4,6,3,2,,2,1,1,2,,29,5,4,2,,1.5,3,3,1,,3,6,3,2,1,4,5,3,1,1,3.5,3,3,1,1,5.5,3,3,1,,,,,,
19,13,3,4,1,0,,,,,,65,2,1,1,0,7,4,3,1,0,7,4,3,1,0,2,4,3,1,1,8,4,3,1,0,,,,,,,,,,,1,1,1,1,0,3,2,1,1,,5,6,3,2,,6,5,3,2,,,,,,,0.8,5,3,2,,5,2,1,2,,13,5,3,2,,4,1,1,2,,8,1,1,1,,15,1,1,1,,0.5,6,3,2,1,0.5,1,1,1,,2,5,3,2,,,,,,
20,12,2,1,1,0,,,,,,12,4,4,1,1,17,1,1,1,0,11,2,1,1,0,5,4,3,1,1,25,2,1,1,0,,,,,,,,,,,2,3,3,1,0,2,6,3,2,,27,1,1,2,,1.5,1,1,2,,,,,,,1,4,3,2,,6,6,3,2,,4,2,1,2,,5,5,3,2,,4.5,4,3,1,,9,4,3,1,,8,3,3,1,1,1.5,3,3,1,,8,3,3,1,,,,,,
21,19,2,1,1,0,,,,,,10,4,4,1,1,5,6,3,2,0,4,3,3,1,0,3,4,3,1,1,2,4,3,1,0,,,,,,,,,,,8,2,1,1,0,4,2,1,1,,8,6,3,2,,10,3,4,2,1,,,,,,2,1,1,2,,7,2,1,2,,7,5,3,2,,19,1,1,2,,10,2,1,1,,2,1,1,1,,1,7,3,2,1,7,6,3,2,,0.5,1,1,1,,,,,,
22,11,2,1,1,0,,,,,,54,2,1,1,0,6,1,1,1,0,9,2,1,1,0,6,4,3,1,1,20,2,1,1,0,,,,,,,,,,,7,4,3,1,0,2,6,3,2,,10,1,1,2,,2.5,3,3,2,1,,,,,,4,3,3,2,,14,5,4,2,1,7,2,1,2,,2,5,3,2,,3,6,3,2,,5,3,3,1,,14,4,4,1,1,1.5,1,1,1,,2.4,6,3,2,,,,,,
23,65,2,1,1,0,,,,,,17,4,4,1,1,7,3,3,1,0,7,3,3,1,0,39,1,1,1,0,6,5,3,2,0,,,,,,,,,,,4,1,1,1,0,15,5,4,2,,6.5,6,3,2,,11,2,1,2,,,,,,,9,5,3,2,,8,5,4,2,1,19,5,4,2,1,6,1,1,2,,32,2,1,1,,1.5,1,1,1,,6,8,3,2,1,2.5,3,3,1,,15,1,1,1,,,,,,
24,9,4,3,1,0,,,,,,24,4,4,1,1,6,1,1,1,0,45,1,1,1,0,7,5,3,1,0,50,1,1,1,0,,,,,,,,,,,19,5,4,2,0,7,3,3,2,,20,1,1,2,,42,7,5,2,,,,,,,3,1,1,2,,6,2,1,2,,13,4,4,2,1,3,5,3,2,,25,1,1,1,,53,2,1,1,,16,2,1,1,,0.5,1,1,1,,16,6,4,2,,,,,,
25,5,1,1,1,0,,,,,,35,4,4,1,1,5,2,3,1,0,5,3,3,1,0,10,1,1,1,0,46,5,4,1,1,,,,,,,,,,,29,2,1,1,0,8,6,3,2,,8,7,3,2,,4.5,2,1,2,,,,,,,2,3,3,1,1,6,5,3,2,,6,5,3,2,1,24,2,1,2,,24,6,2,2,,13,1,1,1,,2,7,3,2,1,1.5,7,3,2,,5,3,3,1,,,,,,
26,12,3,4,1,0,,,,,,32,3,4,1,0,55,2,1,1,0,3,3,3,1,0,5,3,3,1,0,26,5,4,1,1,,,,,,,,,,,25,3,4,1,0,18,3,4,2,,43,1,1,2,,3,5,3,2,,,,,,,2.2,3,3,1,1,8,2,1,2,,3,2,1,2,,4,5,3,2,,31,2,1,1,,20,6,4,1,,8,3,3,1,1,3.5,3,3,1,1,5,5,3,2,,,,,,
27,900,2,6,1,0,,,,,,35,4,4,1,1,,,,,,1,1,1,1,0,4,1,1,1,0,41,2,1,1,0,,,,,,,,,,,54,2,1,1,0,25,6,4,2,,4.5,7,3,2,,0.5,1,1,2,,,,,,,2,1,1,2,,4,4,3,2,1,8,5,3,2,1,48,2,1,2,,7,7,3,2,1,4,1,1,1,,0.5,6,3,2,1,2.5,3,3,1,1,5,1,1,1,,,,,,
28,,,,,,,,,,,37,4,4,1,1,,,,,,2,3,3,1,0,3,3,3,1,0,19,5,4,1,0,,,,,,,,,,,6,3,3,1,0,135,1,1,1,,7,1,1,2,,38,7,4,2,1,,,,,,11.5,5,4,2,,4,6,3,2,1,7,5,3,2,1,9,5,3,2,,3,7,3,2,1,5,3,3,1,1,5,3,3,1,1,2,1,1,1,,2.5,6,3,2,,,,,,
29,,,,,,,,,,,26,4,4,1,1,,,,,,16,2,1,1,0,2,1,1,1,0,50,2,1,1,0,,,,,,,,,,,35,1,1,1,0,19,5,7,2,,17,7,4,2,,35,6,4,2,1,,,,,,21,1,1,2,,10,6,3,2,1,2,5,3,2,1,32,2,1,2,,31,2,1,1,,1,3,3,1,1,4,8,5,2,1,2,5,3,2,,3,1,1,1,,,,,,
30,,,,,,,,,,,31,2,1,1,0,,,,,,6,3,3,1,0,2,3,3,1,0,20,3,4,1,0,,,,,,,,,,,9,2,1,1,0,59,8,7,2,,76,1,1,2,,2,1,1,1,,,,,,,6,5,3,2,,9,6,3,2,1,3,2,1,2,,10,5,3,2,1,8,5,3,1,1,1,3,3,1,1,17,3,4,1,1,2,1,1,1,,2.8,6,3,1,,,,,,
31,,,,,,,,,,,39,4,4,1,0,,,,,,8,2,1,1,0,15,1,1,1,0,15,1,1,1,0,,,,,,,,,,,5,5,3,2,0,47,8,7,2,,6,7,3,2,,4,3,3,1,,,,,,,2,1,1,2,,37,2,1,2,,9,4,3,2,,16,5,2,2,1,12,5,4,1,1,4,3,3,1,1,0.5,7,3,2,1,5,5,3,2,,6,1,1,1,,,,,,
32,,,,,,,,,,,12,2,1,1,0,,,,,,4,3,3,1,0,3,3,3,1,0,15,3,4,1,0,,,,,,,,,,,5,1,1,1,0,15,1,1,1,,22,1,1,2,,1.5,1,1,1,,,,,,,4.5,5,3,2,,33,5,4,2,,2,2,1,2,,16,2,2,2,,6.5,2,1,1,,0.5,1,1,1,,3,3,3,1,1,21,3,6,1,,11,7,4,2,,,,,,
33,,,,,,,,,,,5,3,3,1,0,,,,,,5,2,1,1,0,43,1,1,1,0,16,1,1,1,0,,,,,,,,,,,4,4,3,2,0,10,5,4,2,,6,7,3,2,,2,3,3,1,,,,,,,4,3,3,1,,9,1,1,2,,6,5,3,2,1,2,3,3,2,,7.5,6,3,2,1,3.5,3,3,1,1,9,4,3,1,1,3,5,3,2,,5,1,1,1,,,,,,
34,,,,,,,,,,,5,2,1,1,0,,,,,,4,3,3,1,0,3,2,3,1,0,2,4,3,1,0,,,,,,,,,,,3,2,1,1,0,350,1,1,1,,9,8,2,2,,1,1,1,1,,,,,,,1.5,1,1,1,,8,6,3,2,,7,5,3,2,1,2,1,1,2,,5.5,6,3,2,1,5,3,3,1,1,7,5,3,1,1,3,1,1,1,,6.5,6,3,2,,,,,,
35,,,,,,,,,,,25,4,4,1,0,,,,,,2,2,1,1,0,145,1,1,1,0,18,3,4,1,1,,,,,,,,,,,14,5,4,2,0,210,8,7,2,,2,3,3,2,,7,7,3,2,,,,,,,7,6,3,2,,5,2,1,2,,8,4,3,2,1,9,5,3,2,1,45,2,1,1,,1.5,1,1,1,,5,6,3,2,1,4.5,6,3,2,,6,1,1,1,,,,,,
36,,,,,,,,,,,5,2,1,1,0,,,,,,4,3,3,1,0,12,3,4,1,0,15,3,4,1,1,,,,,,,,,,,80,2,1,1,0,500,8,7,2,,3,6,3,2,,13,2,1,1,,,,,,,6,1,1,2,,9,5,3,2,,29,4,4,2,1,4.5,5,3,2,1,1.5,6,3,2,,14.5,2,1,1,,1,6,3,1,1,16,4,4,1,,3,3,3,1,,,,,,
37,,,,,,,,,,,45,4,4,1,0,,,,,,2,3,3,1,0,61,1,1,1,0,3,2,1,1,0,,,,,,,,,,,5,5,3,2,0,,,,,,58,2,1,2,,4.5,3,3,1,,,,,,,5.5,3,3,1,,34,1,1,2,,23,5,4,2,1,16,2,1,2,,27,2,1,1,,4.5,6,3,2,1,1.5,6,3,2,1,0.2,1,1,1,,1,1,1,1,,,,,,
38,,,,,,,,,,,2,1,1,1,0,,,,,,350,1,1,1,0,9,5,3,1,0,26,3,4,1,0,,,,,,,,,,,62,2,1,1,0,,,,,,17,8,4,2,,11,8,7,2,1,,,,,,2.5,1,1,1,,16,5,4,2,,4,5,3,2,1,4,3,3,2,,9,6,3,2,,3,5,3,2,1,3,3,3,1,1,3,4,3,1,,7,8,3,1,,,,,,
39,,,,,,,,,,,4,3,3,1,0,,,,,,9,3,3,1,0,37,1,1,1,0,5,2,1,1,0,,,,,,,,,,,3,4,3,2,1,,,,,,15,1,1,2,,18,8,4,2,1,,,,,,5.5,3,3,2,,3,1,1,2,,34,1,1,2,,24,2,1,2,,30,2,1,1,,4,1,1,1,,2,3,3,1,1,0.5,1,1,1,,5,1,1,1,,,,,,
40,,,,,,,,,,,30,4,4,1,1,,,,,,78,1,1,1,0,12,3,4,1,1,3,6,3,2,0,,,,,,,,,,,7,4,3,2,1,,,,,,10,7,3,2,,87,8,7,2,1,,,,,,0.5,1,1,1,,20,6,4,2,1,4,5,3,2,1,4,4,3,2,,26,3,4,1,,4,6,3,2,,7,5,3,1,1,7,4,3,1,,4,4,3,1,1,,,,,
41,,,,,,,,,,,12,3,4,1,1,,,,,,10,3,4,1,0,8,3,3,1,1,8,1,1,1,0,,,,,,,,,,,3,2,1,1,0,,,,,,14,1,1,2,,87,8,7,2,1,,,,,,3.6,5,3,2,,3,6,3,2,1,6,5,2,2,1,8,2,1,2,,84,1,1,1,,8,1,1,1,,1,7,3,1,1,4,1,1,1,,15,5,4,2,1,,,,,
42,,,,,,,,,,,22,2,1,1,0,,,,,,38,1,1,1,0,10,1,1,1,0,21,3,4,1,0,,,,,,,,,,,4,3,3,1,1,,,,,,9,6,3,2,,102,7,7,2,1,,,,,,8,3,3,1,,3,6,3,2,1,17,2,1,2,,5,4,3,2,,150,2,1,1,,3,3,3,1,,0.5,9,5,2,1,2,3,3,1,,5,5,3,2,1,,,,,
43,,,,,,,,,,,130,2,1,1,0,,,,,,14,3,4,1,0,7,4,3,1,0,5,4,3,1,0,,,,,,,,,,,5,3,3,1,1,,,,,,32,2,1,2,,48,8,7,2,1,,,,,,10,1,1,1,,8,5,3,2,1,9,4,3,2,,1,2,1,2,,7,3,3,1,1,2,1,1,1,,3,4,3,1,1,0.5,1,1,1,,19,3,4,1,,,,,,
44,,,,,,,,,,,20,3,4,1,0,,,,,,27,2,1,1,0,16,1,1,1,0,10,3,4,1,1,,,,,,,,,,,42,1,1,1,0,,,,,,1.5,6,3,2,1,89,8,7,2,1,,,,,,9,5,3,2,,14,2,1,2,,8,2,1,2,,10,3,3,2,,14,3,4,1,1,2,3,3,1,,5,4,6,1,1,2,3,3,1,,1,2,1,1,,,,,,
45,,,,,,,,,,,10,1,1,1,0,,,,,,150,1,1,1,0,5,3,3,1,0,27,3,4,1,1,,,,,,,,,,,13,3,3,1,0,,,,,,7,7,3,2,1,35,8,7,2,1,,,,,,2,1,1,1,,30,3,5,2,,6,4,3,2,,28,2,1,2,,7.5,2,1,1,,6,1,1,1,,2,4,3,1,1,0.2,1,1,1,,9,4,3,1,,,,,,
46,,,,,,,,,,,50,4,4,1,0,,,,,,13,3,4,1,0,10,1,1,1,0,10,4,4,1,0,,,,,,,,,,,6,5,3,2,0,,,,,,8,1,1,2,,44,8,7,2,1,,,,,,4,3,3,2,,12,2,1,2,,7,2,1,2,,11,5,4,2,,1.5,5,3,1,,6,5,3,2,,4,6,3,1,1,1.5,5,3,2,,2,5,3,2,,,,,,
47,,,,,,,,,,,12,2,1,1,0,,,,,,4,2,1,1,0,6,3,3,1,0,24,3,4,1,0,,,,,,,,,,,7,2,1,1,0,,,,,,4,5,3,2,,47,8,7,2,,,,,,,2,1,1,1,,6,3,3,2,,6,4,3,2,1,15,2,1,2,,2,1,1,1,,41,2,1,1,,4,8,3,2,1,1.5,1,1,1,,1,3,3,1,,,,,,
48,,,,,,,,,,,35,4,4,1,1,,,,,,21,3,4,1,0,15,1,1,1,0,3,4,3,1,0,,,,,,,,,,,5,4,3,1,1,,,,,,200,1,1,2,,57,8,7,2,,,,,,,3.5,5,3,2,,32,2,1,2,,5,5,3,2,1,7,5,3,2,,25,3,4,1,,3,5,3,2,,18,2,1,1,,18,6,4,2,,12,5,4,2,,,,,,
49,,,,,,,,,,,26,4,4,1,1,,,,,,21,4,4,1,0,4,3,3,1,0,16,2,1,1,0,,,,,,,,,,,18,4,4,1,1,,,,,,5.5,5,3,2,,,,,,,,,,,,0.5,1,1,1,,16,4,4,2,1,15,4,4,2,1,2,2,1,2,,10,1,1,1,,4,1,1,1,,2,6,3,2,,1.5,1,1,1,,5,1,1,1,,,,,,
50,,,,,,,,,,,23,3,4,1,1,,,,,,150,1,1,1,0,70,1,1,1,0,14,3,4,1,1,,,,,,,,,,,3,2,1,1,0,,,,,,21,1,1,2,,,,,,,,,,,,3.5,5,3,2,1,21,5,4,2,1,6,2,1,2,,23,5,4,2,1,1.5,5,3,1,,20,2,5,2,,5,2,1,1,,4.5,4,3,1,,7.5,5,3,2,,,,,,
51,,,,,,,,,,,10,2,1,1,0,,,,,,107,4,4,1,0,43,1,1,1,0,9,3,3,1,1,,,,,,,,,,,2,3,3,1,0,,,,,,5.5,4,3,2,,,,,,,,,,,,3,4,3,2,1,3,1,1,2,,5,5,3,2,1,8,5,3,2,1,101,1,1,1,,15,1,1,1,,2,4,3,1,1,0.2,1,1,1,,,,,,,,,,,
52,,,,,,,,,,,52,4,4,1,0,,,,,,32,2,1,1,0,42,5,4,1,0,5,3,3,1,1,,,,,,,,,,,3,1,1,1,0,,,,,,20,1,1,2,,,,,,,,,,,,0.5,1,1,1,,13,3,3,2,,8,5,3,2,1,,,,,,10,4,4,1,,2,3,3,1,,4,3,3,1,1,1,5,3,1,,,,,,,,,,,
53,,,,,,,,,,,41,2,1,1,0,,,,,,6,3,3,1,1,60,1,1,1,0,10,3,4,1,1,,,,,,,,,,,3,4,3,1,0,,,,,,2,7,3,2,,,,,,,,,,,,2.3,4,3,2,,7,2,1,2,,26,5,4,2,1,,,,,,13,2,1,1,,7,1,1,1,,11,2,1,1,,1,1,1,1,,,,,,,,,,,
54,,,,,,,,,,,8,4,3,1,1,,,,,,12,3,4,1,1,10,4,4,1,0,9,2,1,1,0,,,,,,,,,,,83,1,1,1,0,,,,,,16,1,1,2,,,,,,,,,,,,2.5,1,1,1,,7,3,3,2,,31,4,4,2,1,,,,,,20,3,4,1,1,6.5,6,3,2,,0.5,6,3,2,,1,3,3,1,1,,,,,,,,,,
55,,,,,,,,,,,11,4,4,1,1,,,,,,13,3,4,1,1,5,1,1,1,0,11,3,4,1,0,,,,,,,,,,,6,4,3,1,1,,,,,,2,5,3,2,,,,,,,,,,,,0.9,3,3,1,,19,2,1,2,,11,4,6,2,1,,,,,,13,3,4,1,1,37,2,1,1,,5,1,1,1,,1.5,3,3,1,1,,,,,,,,,,
56,,,,,,,,,,,25,4,4,1,1,,,,,,2,1,1,1,0,29,5,4,1,0,2,2,1,1,0,,,,,,,,,,,12,4,4,1,1,,,,,,8,1,1,2,,,,,,,,,,,,50,1,1,1,,28,5,4,2,,11,3,4,2,1,,,,,,8,3,3,1,1,14,3,4,1,,6,3,3,1,1,1.4,3,3,1,1,,,,,,,,,,
57,,,,,,,,,,,1,1,1,1,0,,,,,,2,4,3,1,0,62,1,1,1,0,13,3,4,1,0,,,,,,,,,,,32,2,1,1,0,,,,,,1.9,6,3,2,,,,,,,,,,,,14,5,4,2,,28,3,4,2,,6,2,1,2,,,,,,,12,3,4,1,1,2.5,5,3,2,,1,5,3,2,1,1,1,1,1,,,,,,,,,,,
58,,,,,,,,,,,19,4,4,1,0,,,,,,18,2,1,1,0,33,3,2,1,0,28,2,1,1,0,,,,,,,,,,,6,4,3,1,1,,,,,,14,1,1,2,,,,,,,,,,,,3,3,3,1,,9,5,3,2,1,4,5,3,2,1,,,,,,142,1,1,1,,4,1,1,1,,4,2,1,1,,1.5,6,3,2,,,,,,,,,,,
59,,,,,,,,,,,34,3,4,1,0,,,,,,12,4,4,1,1,215,2,6,1,0,8,3,3,1,0,,,,,,,,,,,6,4,3,1,1,,,,,,4,7,3,2,1,,,,,,,,,,,6,5,3,2,,6,5,3,2,1,6,6,3,2,1,,,,,,47,6,2,2,,4,5,3,2,,0.5,4,3,2,1,2,1,1,1,,,,,,,,,,,
60,,,,,,,,,,,30,2,1,1,0,,,,,,36,4,4,1,1,36,4,4,1,0,52,2,1,1,0,,,,,,,,,,,19,2,1,1,0,,,,,,2.5,6,3,2,1,,,,,,,,,,,6,1,1,1,,18,2,1,2,,28,5,4,2,1,,,,,,6,1,1,1,,28,1,1,1,,5,3,3,1,1,3,6,3,2,,,,,,,,,,,
61,,,,,,,,,,,29,3,4,1,0,,,,,,23,4,4,1,1,10,5,4,1,1,6,6,3,2,0,,,,,,,,,,,4,5,3,1,0,,,,,,7,1,1,2,,,,,,,,,,,,7.5,6,3,2,,8,5,3,2,1,3,7,3,2,1,,,,,,9,5,3,1,,8,3,3,1,,1,5,3,2,1,7,1,1,1,,,,,,,,,,,
62,,,,,,,,,,,35,4,4,1,0,,,,,,1,1,1,1,0,10,5,4,1,1,20,3,4,1,0,,,,,,,,,,,5,2,1,1,0,,,,,,1.4,4,3,2,,,,,,,,,,,,14,1,1,2,,18,5,4,2,1,5,3,6,2,1,,,,,,6,2,1,1,,3,1,1,1,,4,3,3,1,1,19,3,4,1,,,,,,,,,,,
63,,,,,,,,,,,70,1,1,1,0,,,,,,14,3,4,1,0,10,5,4,1,1,9,5,3,1,0,,,,,,,,,,,8,5,3,1,0,,,,,,1.5,1,1,2,,,,,,,,,,,,11,5,4,2,,3,5,3,2,1,5,3,6,2,1,,,,,,7,3,3,1,,9,3,3,1,,9,4,3,1,1,14,3,6,1,,,,,,,,,,,
64,,,,,,,,,,,22,3,4,1,0,,,,,,2,1,1,1,0,8,1,1,1,0,76,4,5,1,0,,,,,,,,,,,8,2,1,1,0,,,,,,6,5,3,2,1,,,,,,,,,,,3,1,1,2,,13,5,4,2,1,7,8,4,2,1,,,,,,30,1,1,1,,,,,,,9,2,1,1,,5,5,3,2,,,,,,,,,,,
65,,,,,,,,,,,47,1,1,1,0,,,,,,5,3,3,1,0,9,4,3,1,0,18,4,4,1,1,,,,,,,,,,,5,4,3,1,0,,,,,,2,5,3,2,1,,,,,,,,,,,15,6,4,2,,,,,2,,3,5,3,2,1,,,,,,12,7,4,2,,,,,,,0.3,6,3,2,1,2,1,1,1,,,,,,,,,,,
66,,,,,,,,,,,19,2,1,1,0,,,,,,1,1,1,1,0,4,1,1,1,0,14,4,4,1,1,,,,,,,,,,,30,1,1,1,0,,,,,,2,1,1,2,,,,,,,,,,,,49,1,1,1,,,,,2,,10,3,3,2,1,,,,,,67,2,1,1,,,,,,,3.5,2,1,1,1,1.5,5,3,2,,,,,,,,,,,
67,,,,,,,,,,,7,3,3,1,0,,,,,,11,3,4,1,1,21,4,4,1,0,8,4,3,1,1,,,,,,,,,,,4,4,3,1,0,,,,,,3,6,3,2,,,,,,,,,,,,5,6,3,2,,,,,2,,27,6,4,2,1,,,,,,7,4,3,1,1,,,,,,0.4,6,3,2,1,0.5,1,1,1,,,,,,,,,,,
68,,,,,,,,,,,10,2,1,1,0,,,,,,10,3,4,1,1,104,1,1,1,0,2,2,1,1,0,,,,,,,,,,,6,1,1,1,0,,,,,,1.5,1,1,2,,,,,,,,,,,,3,1,1,2,,,,,2,,5,6,3,2,1,,,,,,18,5,4,1,1,,,,,,5,2,1,1,,1.8,5,3,1,,,,,,,,,,,
69,,,,,,,,,,,14,3,4,1,0,,,,,,12,4,4,1,1,20,5,4,1,0,8,3,3,1,0,,,,,,,,,,,3,3,3,1,0,,,,,,1.1,4,3,2,,,,,,,,,,,,2.6,6,3,2,,,,,2,,3,2,1,2,,,,,,,67,1,1,1,,,,,,,0.5,7,3,2,,0.5,1,1,1,,,,,,,,,,,
70,,,,,,,,,,,6,2,1,1,0,,,,,,9,4,3,1,1,52,1,1,1,0,11,2,1,1,0,,,,,,,,,,,27,1,1,1,0,,,,,,2.5,1,1,2,,,,,,,,,,,,1.5,1,1,2,,,,,2,,11,5,4,2,1,,,,,,4,6,3,2,,,,,,,2,2,1,1,,6,5,3,1,,,,,,,,,,,
71,,,,,,,,,,,6,3,3,1,0,,,,,,193,2,1,1,0,10,5,4,1,0,22,2,1,1,0,,,,,,,,,,,2,3,3,1,0,,,,,,16.5,8,4,2,,,,,,,,,,,,4.5,3,3,2,,,,,2,,15,4,4,2,1,,,,,,15,1,1,1,,,,,,,3,1,1,1,,0.5,1,1,1,,,,,,,,,,,
72,,,,,,,,,,,10,2,1,1,0,,,,,,33,3,4,1,1,80,1,6,1,0,13,3,3,1,0,,,,,,,,,,,55,1,1,1,0,,,,,,15,1,1,2,,,,,,,,,,,,,,,,,,,,2,,3,2,1,2,,,,,,,11,6,4,2,,,,,,,1,7,3,2,1,6.3,5,3,1,,,,,,,,,,,
73,,,,,,,,,,,21,3,4,1,0,,,,,,24,3,4,1,1,10,5,4,1,0,11,4,4,1,0,,,,,,,,,,,2,5,3,2,0,,,,,,0.3,5,3,2,,,,,,,,,,,,,,,,,,,,2,,3,4,3,2,,,,,,,9,1,1,1,,,,,,,1.3,7,3,2,1,0.5,1,1,1,,,,,,,,,,,
74,,,,,,,,,,,78,1,1,1,0,,,,,,2,1,1,1,0,52,1,6,1,0,4,3,3,1,1,,,,,,,,,,,3,1,1,1,0,,,,,,0.2,5,3,2,,,,,,,,,,,,,,,,,,,,2,,7.5,2,1,2,,,,,,,32,2,1,1,,,,,,,5,2,1,1,,9,6,3,2,,,,,,,,,,,
75,,,,,,,,,,,27,2,1,1,0,,,,,,12,4,4,1,0,11,4,4,1,0,6,3,3,1,1,,,,,,,,,,,3,5,3,2,0,,,,,,0.3,5,3,2,,,,,,,,,,,,,,,,,,,,2,,4,4,3,2,,,,,,,5,5,3,2,,,,,,,0.4,6,3,2,,1,1,1,1,,,,,,,,,,,
76,,,,,,,,,,,13,3,4,1,0,,,,,,2,1,1,1,0,500,5,7,2,0,1,2,1,1,0,,,,,,,,,,,6,1,1,1,0,,,,,,10.5,7,4,2,,,,,,,,,,,,,,,,,,,,,,,,,,,,,,,,8,1,1,1,,,,,,,6,2,1,1,,2,3,3,1,,,,,,,,,,,
77,,,,,,,,,,,30,4,4,1,0,,,,,,20,3,3,1,0,,,,,,12,3,4,1,0,,,,,,,,,,,2,4,3,2,0,,,,,,1.8,6,3,2,,,,,,,,,,,,,,,,,,,,,,,,,,,,,,,,1,4,3,1,,,,,,,0.8,5,3,2,,2.5,5,3,2,,,,,,,,,,,
78,,,,,,,,,,,46,1,1,1,0,,,,,,47,7,4,2,0,,,,,,3,4,3,1,0,,,,,,,,,,,7,1,1,1,0,,,,,,0.2,4,3,2,,,,,,,,,,,,,,,,,,,,,,,,,,,,,,,,20,1,1,1,,,,,,,37,2,1,1,,2,3,3,1,,,,,,,,,,,
79,,,,,,,,,,,47,2,1,1,0,,,,,,32,3,4,1,0,,,,,,7,4,3,1,0,,,,,,,,,,,7,4,3,2,0,,,,,,0.4,4,3,2,,,,,,,,,,,,,,,,,,,,,,,,,,,,,,,,18,6,2,2,,,,,,,12,3,6,2,1,2,1,1,1,,,,,,,,,,,
80,,,,,,,,,,,20,3,4,1,0,,,,,,1,4,3,2,0,,,,,,24,2,1,1,0,,,,,,,,,,,33,2,1,1,0,,,,,,0.5,4,3,2,,,,,,,,,,,,,,,,,,,,,,,,,,,,,,,,70,2,1,1,,,,,,,2,8,5,2,1,1,3,3,1,,,,,,,,,,,
81,,,,,,,,,,,15,2,1,1,0,,,,,,10,2,1,1,0,,,,,,9,3,3,1,0,,,,,,,,,,,6,3,3,1,0,,,,,,15,7,4,2,1,,,,,,,,,,,,,,,,,,,,,,,,,,,,,,,20,3,4,1,,,,,,,32,2,1,1,,0.5,1,1,1,,,,,,,,,,,
82,,,,,,,,,,,26,1,1,1,0,,,,,,1,4,3,2,0,,,,,,8,3,3,1,0,,,,,,,,,,,350,3,7,2,0,,,,,,5,7,3,2,1,,,,,,,,,,,,,,,,,,,,,,,,,,,,,,,1,1,1,1,,,,,,,2,3,3,1,,15,6,4,2,,,,,,,,,,,
83,,,,,,,,,,,26,2,1,1,0,,,,,,26,3,3,1,0,,,,,,9,3,3,1,0,,,,,,,,,,,53,1,1,1,0,,,,,,71,1,1,2,,,,,,,,,,,,,,,,,,,,,,,,,,,,,,,,8.5,3,3,1,,,,,,,6,1,1,1,,10,1,1,1,,,,,,,,,,,
84,,,,,,,,,,,78,1,1,1,0,,,,,,20,1,1,1,0,,,,,,3,1,1,1,0,,,,,,,,,,,6,3,3,1,0,,,,,,15,8,7,2,1,,,,,,,,,,,,,,,,,,,,,,,,,,,,,,,0.5,1,1,1,,,,,,,15,2,1,1,,14,6,4,2,,,,,,,,,,,
85,,,,,,,,,,,33,2,1,1,0,,,,,,95,2,1,1,0,,,,,,10,3,4,1,0,,,,,,,,,,,32,2,1,1,0,,,,,,10,7,4,2,1,,,,,,,,,,,,,,,,,,,,,,,,,,,,,,,0.3,5,3,2,,,,,,,1,4,3,1,,22,1,1,1,,,,,,,,,,,
86,,,,,,,,,,,24,1,1,1,0,,,,,,11,3,4,1,0,,,,,,16,3,4,1,0,,,,,,,,,,,2,4,3,1,0,,,,,,2,7,3,2,1,,,,,,,,,,,,,,,,,,,,,,,,,,,,,,,4,2,1,1,,,,,,,15,2,1,1,,12,3,4,1,,,,,,,,,,,
87,,,,,,,,,,,7,3,3,1,0,,,,,,9,1,1,1,0,,,,,,6,6,3,2,0,,,,,,,,,,,56,2,1,1,0,,,,,,10,6,4,2,1,,,,,,,,,,,,,,,,,,,,,,,,,,,,,,,10,3,4,1,,,,,,,2,4,3,1,,9,6,3,2,,,,,,,,,,,
88,,,,,,,,,,,8,1,1,1,0,,,,,,8,3,3,1,0,,,,,,4,6,3,2,0,,,,,,,,,,,6,4,3,1,0,,,,,,6,3,3,1,,,,,,,,,,,,,,,,,,,,,,,,,,,,,,,,0.5,1,1,1,,,,,,,9,2,1,1,,28,1,1,1,,,,,,,,,,,
89,,,,,,,,,,,14,4,4,1,0,,,,,,1,5,3,2,0,,,,,,35,2,1,1,0,,,,,,,,,,,35,2,1,1,0,,,,,,3,7,3,2,,,,,,,,,,,,,,,,,,,,,,,,,,,,,,,,10,4,4,1,,,,,,,40,4,6,2,1,1.6,5,3,2,,,,,,,,,,,
90,,,,,,,,,,,18,1,1,1,0,,,,,,6,3,3,1,0,,,,,,26,4,4,1,1,,,,,,,,,,,54,5,4,2,0,,,,,,8,1,1,2,,,,,,,,,,,,,,,,,,,,,,,,,,,,,,,,55,2,1,1,,,,,,,38,4,6,2,1,7.5,3,6,1,,,,,,,,,,,
91,,,,,,,,,,,28,3,4,1,0,,,,,,1,5,3,2,0,,,,,,20,5,4,1,1,,,,,,,,,,,110,2,1,1,0,,,,,,0.7,6,3,2,,,,,,,,,,,,,,,,,,,,,,,,,,,,,,,,1.7,5,3,2,,,,,,,1.5,8,5,2,1,7,6,3,2,,,,,,,,,,,
92,,,,,,,,,,,58,2,1,1,0,,,,,,8,3,3,1,0,,,,,,7,3,3,1,0,,,,,,,,,,,15,4,4,2,0,,,,,,15,1,1,2,,,,,,,,,,,,,,,,,,,,,,,,,,,,,,,,15,2,1,1,,,,,,,2,1,1,1,,1.5,1,1,1,,,,,,,,,,,
93,,,,,,,,,,,12,3,4,1,1,,,,,,2,5,3,2,0,,,,,,65,1,1,1,0,,,,,,,,,,,69,2,1,1,0,,,,,,15.5,8,5,2,1,,,,,,,,,,,,,,,,,,,,,,,,,,,,,,,11,4,4,1,,,,,,,4,7,3,2,,10,3,4,1,,,,,,,,,,,
94,,,,,,,,,,,10,2,1,1,1,,,,,,7,3,3,1,0,,,,,,25,3,4,1,1,,,,,,,,,,,17,8,4,2,0,,,,,,13,5,4,2,1,,,,,,,,,,,,,,,,,,,,,,,,,,,,,,,30,2,1,1,,,,,,,6,2,1,1,,0.5,1,1,1,,,,,,,,,,,
95,,,,,,,,,,,12,3,4,1,1,,,,,,1,5,3,2,0,,,,,,27,3,4,1,1,,,,,,,,,,,86,2,1,1,0,,,,,,11,1,1,2,,,,,,,,,,,,,,,,,,,,,,,,,,,,,,,,11,4,4,1,,,,,,,3,6,3,2,,6,3,3,1,,,,,,,,,,,
96,,,,,,,,,,,22,1,1,1,0,,,,,,61,1,1,1,0,,,,,,3,6,3,2,1,,,,,,,,,,,40,8,4,2,0,,,,,,17,7,4,2,,,,,,,,,,,,,,,,,,,,,,,,,,,,,,,,55,1,1,1,,,,,,,8,2,1,1,,0.2,1,1,1,,,,,,,,,,,
97,,,,,,,,,,,39,4,4,1,1,,,,,,20,3,4,1,0,,,,,,20,3,4,1,1,,,,,,,,,,,65,2,1,1,0,,,,,,55,1,1,2,,,,,,,,,,,,,,,,,,,,,,,,,,,,,,,,9,4,3,1,,,,,,,1.1,3,3,1,,5.5,3,3,1,,,,,,,,,,,
98,,,,,,,,,,,25,3,4,1,1,,,,,,2,5,3,2,0,,,,,,15,2,1,1,0,,,,,,,,,,,4,8,4,2,0,,,,,,6,5,3,2,,,,,,,,,,,,,,,,,,,,,,,,,,,,,,,,11,2,1,1,,,,,,,9,1,1,1,,1.5,1,1,1,,,,,,,,,,,
99,,,,,,,,,,,65,2,1,1,0,,,,,,81,1,1,1,0,,,,,,40,1,1,1,0,,,,,,,,,,,125,2,1,1,0,,,,,,24,7,4,2,1,,,,,,,,,,,,,,,,,,,,,,,,,,,,,,,3,5,3,2,,,,,,,1.1,6,3,2,,10,7,4,2,,,,,,,,,,,
100,,,,,,,,,,,80,4,4,1,0,,,,,,6,3,3,1,0,,,,,,11,10,6,1,0,,,,,,,,,,,24,3,3,1,0,,,,,,15,7,4,2,1,,,,,,,,,,,,,,,,,,,,,,,,,,,,,,,103,2,1,1,,,,,,,6,2,1,1,,9,2,1,1,,,,,,,,,,,
101,,,,,,,,,,,30,1,1,1,0,,,,,,3,5,3,2,0,,,,,,13,10,6,1,0,,,,,,,,,,,2,1,1,1,0,,,,,,9.5,7,3,2,1,,,,,,,,,,,,,,,,,,,,,,,,,,,,,,,1,6,3,2,,,,,,,3,6,3,2,,5,6,3,2,,,,,,,,,,,
102,,,,,,,,,,,20,3,4,1,0,,,,,,45,2,1,1,0,,,,,,4,5,3,1,0,,,,,,,,,,,7,3,3,1,1,,,,,,4,1,1,2,,,,,,,,,,,,,,,,,,,,,,,,,,,,,,,,0.5,5,3,2,,,,,,,5,2,1,1,,0.2,1,1,1,,,,,,,,,,,
103,,,,,,,,,,,2,2,1,1,0,,,,,,13,3,4,1,0,,,,,,5,6,3,2,0,,,,,,,,,,,8,3,3,1,1,,,,,,12.5,7,4,2,1,,,,,,,,,,,,,,,,,,,,,,,,,,,,,,,1,6,3,2,,,,,,,3,4,3,1,,5,6,3,2,,,,,,,,,,,
104,,,,,,,,,,,40,3,4,1,0,,,,,,44,2,1,1,0,,,,,,21,3,4,1,0,,,,,,,,,,,15,3,4,1,1,,,,,,8,5,3,2,1,,,,,,,,,,,,,,,,,,,,,,,,,,,,,,,3.5,5,3,2,,,,,,,6,2,1,1,,4,1,1,1,,,,,,,,,,,
105,,,,,,,,,,,14,2,1,1,0,,,,,,6,3,3,1,0,,,,,,24,2,1,1,0,,,,,,,,,,,34,2,1,1,0,,,,,,10,1,1,2,,,,,,,,,,,,,,,,,,,,,,,,,,,,,,,,15,2,1,1,,,,,,,8,6,3,2,,3,3,3,1,1,,,,,,,,,,
106,,,,,,,,,,,30,3,4,1,0,,,,,,2,5,3,2,0,,,,,,16,3,4,1,0,,,,,,,,,,,6,6,3,2,0,,,,,,1.6,5,3,2,,,,,,,,,,,,,,,,,,,,,,,,,,,,,,,,11,3,4,1,1,,,,,,20,2,1,1,,3,3,3,1,1,,,,,,,,,,
107,,,,,,,,,,,,,,,,,,,,,37,3,4,1,0,,,,,,5,4,3,1,0,,,,,,,,,,,20,2,1,1,0,,,,,,3,1,1,2,,,,,,,,,,,,,,,,,,,,,,,,,,,,,,,,11,3,4,1,1,,,,,,,,,,,4,1,1,1,,,,,,,,,,,
108,,,,,,,,,,,,,,,,,,,,,122,2,1,1,0,,,,,,20,3,4,1,0,,,,,,,,,,,5,6,3,2,0,,,,,,9,5,3,2,,,,,,,,,,,,,,,,,,,,,,,,,,,,,,,,9,2,1,1,,,,,,,,,,,,1.5,3,1,1,,,,,,,,,,,
109,,,,,,,,,,,,,,,,,,,,,1,6,3,2,0,,,,,,10,2,1,1,0,,,,,,,,,,,20,2,1,1,0,,,,,,7,1,1,2,,,,,,,,,,,,,,,,,,,,,,,,,,,,,,,,7,3,3,1,1,,,,,,,,,,,2,1,1,1,,,,,,,,,,,
110,,,,,,,,,,,,,,,,,,,,,1,1,1,1,0,,,,,,13,3,4,1,0,,,,,,,,,,,8,5,3,1,1,,,,,,1.5,2,3,1,,,,,,,,,,,,,,,,,,,,,,,,,,,,,,,,5.5,3,3,1,1,,,,,,,,,,,1.7,6,3,2,,,,,,,,,,,
111,,,,,,,,,,,,,,,,,,,,,6,5,3,2,0,,,,,,14,3,4,1,0,,,,,,,,,,,9,5,3,1,1,,,,,,45,2,1,2,,,,,,,,,,,,,,,,,,,,,,,,,,,,,,,,15,3,4,1,1,,,,,,,,,,,3,3,3,1,,,,,,,,,,,
112,,,,,,,,,,,,,,,,,,,,,35,1,1,1,0,,,,,,4,6,3,2,0,,,,,,,,,,,7,5,3,1,1,,,,,,13,7,4,2,1,,,,,,,,,,,,,,,,,,,,,,,,,,,,,,,2,1,1,1,,,,,,,,,,,,9,1,1,1,,,,,,,,,,,
113,,,,,,,,,,,,,,,,,,,,,11,3,4,1,0,,,,,,21,3,4,1,0,,,,,,,,,,,7,4,3,1,1,,,,,,38,7,4,2,1,,,,,,,,,,,,,,,,,,,,,,,,,,,,,,,19.5,4,4,1,,,,,,,,,,,,7,6,3,2,,,,,,,,,,,
114,,,,,,,,,,,,,,,,,,,,,11,1,1,1,0,,,,,,22,2,1,1,0,,,,,,,,,,,58,1,1,1,0,,,,,,2.5,1,1,2,,,,,,,,,,,,,,,,,,,,,,,,,,,,,,,,0.2,5,3,2,,,,,,,,,,,,0.5,1,1,1,,,,,,,,,,,
115,,,,,,,,,,,,,,,,,,,,,5,6,3,2,0,,,,,,16,3,4,1,1,,,,,,,,,,,8,6,3,2,0,,,,,,7.5,7,3,2,,,,,,,,,,,,,,,,,,,,,,,,,,,,,,,,76,1,1,1,,,,,,,,,,,,3.5,3,3,1,,,,,,,,,,,
116,,,,,,,,,,,,,,,,,,,,,25,3,4,1,0,,,,,,22,3,4,1,1,,,,,,,,,,,38,1,1,1,0,,,,,,38,7,7,2,1,,,,,,,,,,,,,,,,,,,,,,,,,,,,,,,11,3,4,1,1,,,,,,,,,,,10,1,1,1,,,,,,,,,,,
117,,,,,,,,,,,,,,,,,,,,,2,4,3,2,0,,,,,,10,3,4,1,1,,,,,,,,,,,5,5,3,1,0,,,,,,1.6,5,3,2,1,,,,,,,,,,,,,,,,,,,,,,,,,,,,,,,12,3,4,1,1,,,,,,,,,,,5,3,3,1,,,,,,,,,,,
118,,,,,,,,,,,,,,,,,,,,,22,3,4,1,0,,,,,,20,4,4,1,1,,,,,,,,,,,7,1,1,1,0,,,,,,6,1,1,2,,,,,,,,,,,,,,,,,,,,,,,,,,,,,,,,9,2,1,1,,,,,,,,,,,,3,6,3,2,,,,,,,,,,,
119,,,,,,,,,,,,,,,,,,,,,280,2,7,2,0,,,,,,200,1,1,1,0,,,,,,,,,,,6,5,3,1,0,,,,,,15,3,4,1,1,,,,,,,,,,,,,,,,,,,,,,,,,,,,,,,4,3,3,1,,,,,,,,,,,,7,3,3,1,,,,,,,,,,,
120,,,,,,,,,,,,,,,,,,,,,13,5,2,1,0,,,,,,15,2,1,1,0,,,,,,,,,,,11,1,1,1,0,,,,,,5,6,3,2,1,,,,,,,,,,,,,,,,,,,,,,,,,,,,,,,4,1,1,1,,,,,,,,,,,,15,1,1,1,,,,,,,,,,,
121,,,,,,,,,,,,,,,,,,,,,58,2,1,1,0,,,,,,17,5,4,1,1,,,,,,,,,,,6,5,1,2,0,,,,,,12,1,1,2,,,,,,,,,,,,,,,,,,,,,,,,,,,,,,,,12,3,4,1,,,,,,,,,,,,15,8,4,2,,,,,,,,,,,
122,,,,,,,,,,,,,,,,,,,,,1,5,3,2,0,,,,,,35,5,4,1,1,,,,,,,,,,,44,7,7,2,0,,,,,,2,3,3,1,1,,,,,,,,,,,,,,,,,,,,,,,,,,,,,,,5,4,3,1,,,,,,,,,,,,3,2,1,1,,,,,,,,,,,
123,,,,,,,,,,,,,,,,,,,,,67,1,1,1,0,,,,,,18,4,4,1,1,,,,,,,,,,,,,,,,,,,,,1.5,6,3,2,1,,,,,,,,,,,,,,,,,,,,,,,,,,,,,,,14,2,1,1,,,,,,,,,,,,4,3,3,1,,,,,,,,,,,
124,,,,,,,,,,,,,,,,,,,,,4,6,3,2,0,,,,,,8,4,3,1,1,,,,,,,,,,,,,,,,,,,,,10,3,4,1,1,,,,,,,,,,,,,,,,,,,,,,,,,,,,,,,2.5,5,3,2,,,,,,,,,,,,1.8,5,3,2,,,,,,,,,,,
125,,,,,,,,,,,,,,,,,,,,,63,1,1,1,0,,,,,,3,6,3,2,1,,,,,,,,,,,,,,,,,,,,,5,6,3,2,1,,,,,,,,,,,,,,,,,,,,,,,,,,,,,,,2,1,1,1,,,,,,,,,,,,3,3,3,1,,,,,,,,,,,
126,,,,,,,,,,,,,,,,,,,,,63,3,4,1,0,,,,,,62,2,1,1,0,,,,,,,,,,,,,,,,,,,,,8,3,3,1,1,,,,,,,,,,,,,,,,,,,,,,,,,,,,,,,3.5,6,3,2,,,,,,,,,,,,2.2,6,3,2,,,,,,,,,,,
127,,,,,,,,,,,,,,,,,,,,,52,1,1,1,0,,,,,,20,3,4,1,1,,,,,,,,,,,,,,,,,,,,,7.5,8,3,2,1,,,,,,,,,,,,,,,,,,,,,,,,,,,,,,,2,1,1,1,,,,,,,,,,,,5,4,3,1,,,,,,,,,,,
128,,,,,,,,,,,,,,,,,,,,,8,3,3,1,0,,,,,,15,3,4,1,1,,,,,,,,,,,,,,,,,,,,,8,3,3,1,1,,,,,,,,,,,,,,,,,,,,,,,,,,,,,,,11,3,4,1,,,,,,,,,,,,1.5,5,3,2,,,,,,,,,,,
129,,,,,,,,,,,,,,,,,,,,,28,1,1,1,0,,,,,,13,1,1,1,0,,,,,,,,,,,,,,,,,,,,,46,1,1,1,,,,,,,,,,,,,,,,,,,,,,,,,,,,,,,,10,2,1,1,,,,,,,,,,,,10,3,4,1,1,,,,,,,,,,
130,,,,,,,,,,,,,,,,,,,,,5,3,3,1,0,,,,,,16,10,6,1,0,,,,,,,,,,,,,,,,,,,,,14,7,2,2,,,,,,,,,,,,,,,,,,,,,,,,,,,,,,,,4,5,3,2,,,,,,,,,,,,3,3,3,1,1,,,,,,,,,,
131,,,,,,,,,,,,,,,,,,,,,19,1,1,1,0,,,,,,7,6,3,2,0,,,,,,,,,,,,,,,,,,,,,45,3,2,1,1,,,,,,,,,,,,,,,,,,,,,,,,,,,,,,,70,2,1,1,,,,,,,,,,,,2,1,1,1,,,,,,,,,,,
132,,,,,,,,,,,,,,,,,,,,,1,5,3,2,0,,,,,,52,2,4,1,0,,,,,,,,,,,,,,,,,,,,,1.5,6,2,2,1,,,,,,,,,,,,,,,,,,,,,,,,,,,,,,,16,4,4,1,,,,,,,,,,,,3.5,5,3,1,,,,,,,,,,,
133,,,,,,,,,,,,,,,,,,,,,16,3,4,1,1,,,,,,6,3,3,1,0,,,,,,,,,,,,,,,,,,,,,21,7,4,2,,,,,,,,,,,,,,,,,,,,,,,,,,,,,,,,10,2,1,1,,,,,,,,,,,,3,1,1,1,,,,,,,,,,,
134,,,,,,,,,,,,,,,,,,,,,9,3,3,1,1,,,,,,2,7,3,2,0,,,,,,,,,,,,,,,,,,,,,4.5,4,3,2,,,,,,,,,,,,,,,,,,,,,,,,,,,,,,,,7,3,4,1,,,,,,,,,,,,12.5,6,4,2,,,,,,,,,,,
135,,,,,,,,,,,,,,,,,,,,,41,1,1,1,0,,,,,,80,2,1,1,0,,,,,,,,,,,,,,,,,,,,,5.5,7,2,2,,,,,,,,,,,,,,,,,,,,,,,,,,,,,,,,2,1,1,1,,,,,,,,,,,,21,3,6,1,,,,,,,,,,,
136,,,,,,,,,,,,,,,,,,,,,11,3,4,1,0,,,,,,10,3,4,1,0,,,,,,,,,,,,,,,,,,,,,2.2,3,3,1,,,,,,,,,,,,,,,,,,,,,,,,,,,,,,,,10,3,1,1,,,,,,,,,,,,11,3,4,1,,,,,,,,,,,
137,,,,,,,,,,,,,,,,,,,,,18,1,1,1,0,,,,,,76,2,1,1,0,,,,,,,,,,,,,,,,,,,,,14,1,1,2,,,,,,,,,,,,,,,,,,,,,,,,,,,,,,,,2,5,3,2,,,,,,,,,,,,4.5,5,3,2,,,,,,,,,,,
138,,,,,,,,,,,,,,,,,,,,,11,2,1,1,1,,,,,,6,3,3,1,0,,,,,,,,,,,,,,,,,,,,,5.5,3,3,1,,,,,,,,,,,,,,,,,,,,,,,,,,,,,,,,5,1,1,1,,,,,,,,,,,,15,1,1,1,,,,,,,,,,,
139,,,,,,,,,,,,,,,,,,,,,11,2,1,1,1,,,,,,20,1,1,1,0,,,,,,,,,,,,,,,,,,,,,10,8,4,2,1,,,,,,,,,,,,,,,,,,,,,,,,,,,,,,,14,4,4,1,,,,,,,,,,,,14,4,4,1,,,,,,,,,,,
140,,,,,,,,,,,,,,,,,,,,,0.5,1,1,1,0,,,,,,13,3,4,1,0,,,,,,,,,,,,,,,,,,,,,5,8,3,2,1,,,,,,,,,,,,,,,,,,,,,,,,,,,,,,,200,1,1,1,,,,,,,,,,,,3,3,3,1,,,,,,,,,,,
141,,,,,,,,,,,,,,,,,,,,,11,2,1,1,1,,,,,,6,4,3,1,0,,,,,,,,,,,,,,,,,,,,,6,1,1,2,,,,,,,,,,,,,,,,,,,,,,,,,,,,,,,,15,3,4,1,,,,,,,,,,,,2.5,5,3,1,,,,,,,,,,,
142,,,,,,,,,,,,,,,,,,,,,5,5,3,1,1,,,,,,2,6,3,2,0,,,,,,,,,,,,,,,,,,,,,5.5,3,3,1,,,,,,,,,,,,,,,,,,,,,,,,,,,,,,,,7,2,1,1,,,,,,,,,,,,1.5,1,1,1,,,,,,,,,,,
143,,,,,,,,,,,,,,,,,,,,,8,1,1,1,0,,,,,,0.5,6,3,2,0,,,,,,,,,,,,,,,,,,,,,33,1,1,1,,,,,,,,,,,,,,,,,,,,,,,,,,,,,,,,1.5,6,3,2,,,,,,,,,,,,1.8,6,3,2,,,,,,,,,,,
144,,,,,,,,,,,,,,,,,,,,,2,5,3,1,0,,,,,,0.5,6,3,2,0,,,,,,,,,,,,,,,,,,,,,1,5,3,2,,,,,,,,,,,,,,,,,,,,,,,,,,,,,,,,12.5,2,1,1,,,,,,,,,,,,2,2,1,1,,,,,,,,,,,
145,,,,,,,,,,,,,,,,,,,,,11,3,1,1,0,,,,,,0.5,6,3,2,0,,,,,,,,,,,,,,,,,,,,,3,4,3,2,,,,,,,,,,,,,,,,,,,,,,,,,,,,,,,,10,3,4,1,,,,,,,,,,,,2.5,4,3,1,,,,,,,,,,,
146,,,,,,,,,,,,,,,,,,,,,30,1,1,1,0,,,,,,0.5,6,3,2,0,,,,,,,,,,,,,,,,,,,,,8,3,3,1,,,,,,,,,,,,,,,,,,,,,,,,,,,,,,,,2,1,1,1,,,,,,,,,,,,2.5,1,1,1,,,,,,,,,,,
147,,,,,,,,,,,,,,,,,,,,,7,5,3,1,1,,,,,,0.5,6,3,2,0,,,,,,,,,,,,,,,,,,,,,34,8,4,2,,,,,,,,,,,,,,,,,,,,,,,,,,,,,,,,15,3,4,1,,,,,,,,,,,,13.5,6,4,2,,,,,,,,,,,
148,,,,,,,,,,,,,,,,,,,,,9,5,3,1,1,,,,,,12,3,4,1,0,,,,,,,,,,,,,,,,,,,,,27,5,2,2,,,,,,,,,,,,,,,,,,,,,,,,,,,,,,,,5,1,1,1,,,,,,,,,,,,1.3,5,3,2,,,,,,,,,,,
149,,,,,,,,,,,,,,,,,,,,,8,3,3,1,0,,,,,,22,3,4,1,0,,,,,,,,,,,,,,,,,,,,,14,7,4,2,,,,,,,,,,,,,,,,,,,,,,,,,,,,,,,,11,3,4,1,,,,,,,,,,,,3,1,1,1,,,,,,,,,,,
150,,,,,,,,,,,,,,,,,,,,,100,1,1,1,0,,,,,,10,3,4,1,0,,,,,,,,,,,,,,,,,,,,,8,1,1,2,,,,,,,,,,,,,,,,,,,,,,,,,,,,,,,,0.5,1,1,1,,,,,,,,,,,,0.5,6,3,2,,,,,,,,,,,
151,,,,,,,,,,,,,,,,,,,,,3,5,3,2,0,,,,,,2,7,3,2,0,,,,,,,,,,,,,,,,,,,,,4,4,3,2,,,,,,,,,,,,,,,,,,,,,,,,,,,,,,,,10,3,4,1,,,,,,,,,,,,4,3,3,1,,,,,,,,,,,
152,,,,,,,,,,,,,,,,,,,,,9,1,1,1,0,,,,,,2,7,3,2,0,,,,,,,,,,,,,,,,,,,,,1,1,1,2,,,,,,,,,,,,,,,,,,,,,,,,,,,,,,,,0.5,1,1,1,,,,,,,,,,,,17,8,4,2,,,,,,,,,,,
153,,,,,,,,,,,,,,,,,,,,,9,4,3,1,1,,,,,,1,7,3,2,0,,,,,,,,,,,,,,,,,,,,,7,5,3,2,,,,,,,,,,,,,,,,,,,,,,,,,,,,,,,,8,3,3,1,,,,,,,,,,,,12,1,1,1,,,,,,,,,,,
154,,,,,,,,,,,,,,,,,,,,,10,4,4,1,1,,,,,,34,2,1,1,0,,,,,,,,,,,,,,,,,,,,,7.5,1,1,2,,,,,,,,,,,,,,,,,,,,,,,,,,,,,,,,0.5,1,1,1,,,,,,,,,,,,4.4,5,3,2,,,,,,,,,,,
155,,,,,,,,,,,,,,,,,,,,,11,4,4,1,1,,,,,,17,3,4,1,0,,,,,,,,,,,,,,,,,,,,,9,5,3,2,,,,,,,,,,,,,,,,,,,,,,,,,,,,,,,,6.5,3,3,1,,,,,,,,,,,,1.5,1,1,1,,,,,,,,,,,
156,,,,,,,,,,,,,,,,,,,,,22,4,4,1,1,,,,,,8,3,3,1,0,,,,,,,,,,,,,,,,,,,,,,,,,,,,,,,,,,,,,,,,,,,,,,,,,,,,,,,,0.5,1,1,1,,,,,,,,,,,,6,6,3,2,1,,,,,,,,,,
157,,,,,,,,,,,,,,,,,,,,,11,5,4,1,1,,,,,,14,2,1,1,0,,,,,,,,,,,,,,,,,,,,,,,,,,,,,,,,,,,,,,,,,,,,,,,,,,,,,,,,9,3,3,1,,,,,,,,,,,,7,6,3,2,1,,,,,,,,,,
158,,,,,,,,,,,,,,,,,,,,,2,6,3,2,0,,,,,,13,3,4,1,0,,,,,,,,,,,,,,,,,,,,,,,,,,,,,,,,,,,,,,,,,,,,,,,,,,,,,,,,96,2,1,1,,,,,,,,,,,,5,1,1,1,,,,,,,,,,,
159,,,,,,,,,,,,,,,,,,,,,119,2,1,1,0,,,,,,22,2,1,1,0,,,,,,,,,,,,,,,,,,,,,,,,,,,,,,,,,,,,,,,,,,,,,,,,,,,,,,,,0.5,6,3,2,,,,,,,,,,,,32,6,4,2,,,,,,,,,,,
160,,,,,,,,,,,,,,,,,,,,,20,4,4,1,0,,,,,,11,3,4,1,0,,,,,,,,,,,,,,,,,,,,,,,,,,,,,,,,,,,,,,,,,,,,,,,,,,,,,,,,3,1,1,1,,,,,,,,,,,,500,1,1,1,,,,,,,,,,,
161,,,,,,,,,,,,,,,,,,,,,9,1,1,1,0,,,,,,15,4,4,1,0,,,,,,,,,,,,,,,,,,,,,,,,,,,,,,,,,,,,,,,,,,,,,,,,,,,,,,,,15,4,4,1,,,,,,,,,,,,13,2,1,1,,,,,,,,,,,
162,,,,,,,,,,,,,,,,,,,,,4,5,3,2,0,,,,,,12,3,4,1,0,,,,,,,,,,,,,,,,,,,,,,,,,,,,,,,,,,,,,,,,,,,,,,,,,,,,,,,,1.5,5,3,2,,,,,,,,,,,,7.5,6,3,2,,,,,,,,,,,
163,,,,,,,,,,,,,,,,,,,,,30,1,1,1,0,,,,,,30,2,1,1,0,,,,,,,,,,,,,,,,,,,,,,,,,,,,,,,,,,,,,,,,,,,,,,,,,,,,,,,,2,1,1,1,,,,,,,,,,,,3,1,1,1,,,,,,,,,,,
164,,,,,,,,,,,,,,,,,,,,,29,4,4,1,0,,,,,,1,6,3,2,0,,,,,,,,,,,,,,,,,,,,,,,,,,,,,,,,,,,,,,,,,,,,,,,,,,,,,,,,36,3,4,1,,,,,,,,,,,,4,4,3,2,,,,,,,,,,,
165,,,,,,,,,,,,,,,,,,,,,29,2,1,1,0,,,,,,14,2,1,1,0,,,,,,,,,,,,,,,,,,,,,,,,,,,,,,,,,,,,,,,,,,,,,,,,,,,,,,,,5,1,1,1,,,,,,,,,,,,0.2,1,1,1,,,,,,,,,,,
166,,,,,,,,,,,,,,,,,,,,,49,4,4,1,0,,,,,,11,3,4,1,0,,,,,,,,,,,,,,,,,,,,,,,,,,,,,,,,,,,,,,,,,,,,,,,,,,,,,,,,13,3,4,1,,,,,,,,,,,,5.5,5,3,1,,,,,,,,,,,
167,,,,,,,,,,,,,,,,,,,,,42,1,1,1,0,,,,,,4,2,1,1,0,,,,,,,,,,,,,,,,,,,,,,,,,,,,,,,,,,,,,,,,,,,,,,,,,,,,,,,,3,1,1,1,,,,,,,,,,,,4,1,1,1,,,,,,,,,,,
168,,,,,,,,,,,,,,,,,,,,,10,3,4,1,0,,,,,,5,4,3,1,0,,,,,,,,,,,,,,,,,,,,,,,,,,,,,,,,,,,,,,,,,,,,,,,,,,,,,,,,11,3,4,1,1,,,,,,,,,,,4,3,3,1,,,,,,,,,,,
169,,,,,,,,,,,,,,,,,,,,,0.5,1,1,1,0,,,,,,8,4,3,1,0,,,,,,,,,,,,,,,,,,,,,,,,,,,,,,,,,,,,,,,,,,,,,,,,,,,,,,,,8,3,3,1,1,,,,,,,,,,,21,4,4,1,,,,,,,,,,,
170,,,,,,,,,,,,,,,,,,,,,9,3,3,1,0,,,,,,27,2,1,1,0,,,,,,,,,,,,,,,,,,,,,,,,,,,,,,,,,,,,,,,,,,,,,,,,,,,,,,,,13,3,4,1,1,,,,,,,,,,,1.8,6,3,2,,,,,,,,,,,
171,,,,,,,,,,,,,,,,,,,,,0.5,1,1,1,0,,,,,,7,3,3,1,0,,,,,,,,,,,,,,,,,,,,,,,,,,,,,,,,,,,,,,,,,,,,,,,,,,,,,,,,50,2,1,1,,,,,,,,,,,,5,4,3,1,,,,,,,,,,,
172,,,,,,,,,,,,,,,,,,,,,31,4,4,1,0,,,,,,8,4,3,1,0,,,,,,,,,,,,,,,,,,,,,,,,,,,,,,,,,,,,,,,,,,,,,,,,,,,,,,,,1.4,5,3,2,,,,,,,,,,,,0.2,6,3,2,,,,,,,,,,,
173,,,,,,,,,,,,,,,,,,,,,16,2,1,1,0,,,,,,1.5,6,3,2,0,,,,,,,,,,,,,,,,,,,,,,,,,,,,,,,,,,,,,,,,,,,,,,,,,,,,,,,,8,2,1,1,,,,,,,,,,,,2,3,3,1,,,,,,,,,,,
174,,,,,,,,,,,,,,,,,,,,,39,4,4,1,1,,,,,,16,4,4,1,0,,,,,,,,,,,,,,,,,,,,,,,,,,,,,,,,,,,,,,,,,,,,,,,,,,,,,,,,5.5,5,3,2,,,,,,,,,,,,2.5,6,3,2,,,,,,,,,,,
175,,,,,,,,,,,,,,,,,,,,,10,3,4,1,1,,,,,,35,4,4,1,0,,,,,,,,,,,,,,,,,,,,,,,,,,,,,,,,,,,,,,,,,,,,,,,,,,,,,,,,2.5,1,1,1,,,,,,,,,,,,14,3,4,1,,,,,,,,,,,
176,,,,,,,,,,,,,,,,,,,,,3,5,3,2,0,,,,,,4,6,3,2,0,,,,,,,,,,,,,,,,,,,,,,,,,,,,,,,,,,,,,,,,,,,,,,,,,,,,,,,,7,3,3,1,,,,,,,,,,,,5.6,6,3,2,,,,,,,,,,,
177,,,,,,,,,,,,,,,,,,,,,1,3,3,1,0,,,,,,2,6,3,2,0,,,,,,,,,,,,,,,,,,,,,,,,,,,,,,,,,,,,,,,,,,,,,,,,,,,,,,,,46,2,1,1,,,,,,,,,,,,36,1,1,1,,,,,,,,,,,
178,,,,,,,,,,,,,,,,,,,,,2,1,1,1,0,,,,,,28,1,1,1,0,,,,,,,,,,,,,,,,,,,,,,,,,,,,,,,,,,,,,,,,,,,,,,,,,,,,,,,,25,3,4,1,,,,,,,,,,,,4,5,3,2,,,,,,,,,,,
179,,,,,,,,,,,,,,,,,,,,,1.5,3,3,1,0,,,,,,13,4,4,1,1,,,,,,,,,,,,,,,,,,,,,,,,,,,,,,,,,,,,,,,,,,,,,,,,,,,,,,,,6,2,1,1,,,,,,,,,,,,0.5,1,1,1,,,,,,,,,,,
180,,,,,,,,,,,,,,,,,,,,,2,1,1,1,0,,,,,,26,4,4,1,1,,,,,,,,,,,,,,,,,,,,,,,,,,,,,,,,,,,,,,,,,,,,,,,,,,,,,,,,12,4,4,1,1,,,,,,,,,,,7.5,6,3,2,,,,,,,,,,,
181,,,,,,,,,,,,,,,,,,,,,1.6,3,3,2,0,,,,,,13,4,4,1,1,,,,,,,,,,,,,,,,,,,,,,,,,,,,,,,,,,,,,,,,,,,,,,,,,,,,,,,,13,3,4,1,1,,,,,,,,,,,3,1,1,1,,,,,,,,,,,
182,,,,,,,,,,,,,,,,,,,,,2,1,1,1,0,,,,,,5,6,3,2,0,,,,,,,,,,,,,,,,,,,,,,,,,,,,,,,,,,,,,,,,,,,,,,,,,,,,,,,,24,3,4,1,1,,,,,,,,,,,12.5,3,4,1,,,,,,,,,,,
183,,,,,,,,,,,,,,,,,,,,,1.5,3,3,2,0,,,,,,21,1,1,1,0,,,,,,,,,,,,,,,,,,,,,,,,,,,,,,,,,,,,,,,,,,,,,,,,,,,,,,,,2,1,1,1,,,,,,,,,,,,1.2,5,3,2,,,,,,,,,,,
184,,,,,,,,,,,,,,,,,,,,,2,1,1,1,0,,,,,,20,2,1,1,0,,,,,,,,,,,,,,,,,,,,,,,,,,,,,,,,,,,,,,,,,,,,,,,,,,,,,,,,13,3,4,1,,,,,,,,,,,,2,3,3,1,,,,,,,,,,,
185,,,,,,,,,,,,,,,,,,,,,1.6,3,3,2,0,,,,,,6,4,3,1,0,,,,,,,,,,,,,,,,,,,,,,,,,,,,,,,,,,,,,,,,,,,,,,,,,,,,,,,,2,1,1,1,,,,,,,,,,,,2,1,1,1,,,,,,,,,,,
186,,,,,,,,,,,,,,,,,,,,,1,1,1,1,0,,,,,,22,2,1,1,0,,,,,,,,,,,,,,,,,,,,,,,,,,,,,,,,,,,,,,,,,,,,,,,,,,,,,,,,15,4,4,1,,,,,,,,,,,,1.5,3,3,1,,,,,,,,,,,
187,,,,,,,,,,,,,,,,,,,,,1.1,3,3,2,0,,,,,,1,4,3,1,0,,,,,,,,,,,,,,,,,,,,,,,,,,,,,,,,,,,,,,,,,,,,,,,,,,,,,,,,0.5,1,1,1,,,,,,,,,,,,2,1,1,1,,,,,,,,,,,
188,,,,,,,,,,,,,,,,,,,,,3,1,1,1,0,,,,,,12,2,1,1,0,,,,,,,,,,,,,,,,,,,,,,,,,,,,,,,,,,,,,,,,,,,,,,,,,,,,,,,,2.5,5,3,2,,,,,,,,,,,,9,5,3,1,,,,,,,,,,,
189,,,,,,,,,,,,,,,,,,,,,15,4,4,1,0,,,,,,2,6,3,2,0,,,,,,,,,,,,,,,,,,,,,,,,,,,,,,,,,,,,,,,,,,,,,,,,,,,,,,,,600,1,1,1,,,,,,,,,,,,6,6,3,2,,,,,,,,,,,
190,,,,,,,,,,,,,,,,,,,,,8,1,1,1,0,,,,,,17,2,1,1,0,,,,,,,,,,,,,,,,,,,,,,,,,,,,,,,,,,,,,,,,,,,,,,,,,,,,,,,,28,3,4,1,,,,,,,,,,,,0.5,1,1,1,,,,,,,,,,,
191,,,,,,,,,,,,,,,,,,,,,5,3,3,1,0,,,,,,15,5,4,1,0,,,,,,,,,,,,,,,,,,,,,,,,,,,,,,,,,,,,,,,,,,,,,,,,,,,,,,,,2,1,1,1,,,,,,,,,,,,1.8,5,3,2,,,,,,,,,,,
192,,,,,,,,,,,,,,,,,,,,,7,1,1,1,0,,,,,,1,6,3,2,0,,,,,,,,,,,,,,,,,,,,,,,,,,,,,,,,,,,,,,,,,,,,,,,,,,,,,,,,15,3,4,1,1,,,,,,,,,,,2,1,1,1,,,,,,,,,,,
193,,,,,,,,,,,,,,,,,,,,,7,3,3,1,0,,,,,,8,4,3,1,0,,,,,,,,,,,,,,,,,,,,,,,,,,,,,,,,,,,,,,,,,,,,,,,,,,,,,,,,7,3,3,1,1,,,,,,,,,,,2.5,5,3,1,,,,,,,,,,,
194,,,,,,,,,,,,,,,,,,,,,20,1,1,1,0,,,,,,4,7,3,2,0,,,,,,,,,,,,,,,,,,,,,,,,,,,,,,,,,,,,,,,,,,,,,,,,,,,,,,,,0.3,5,3,2,,,,,,,,,,,,37,1,1,1,,,,,,,,,,,
195,,,,,,,,,,,,,,,,,,,,,26,3,4,1,0,,,,,,34,2,1,1,0,,,,,,,,,,,,,,,,,,,,,,,,,,,,,,,,,,,,,,,,,,,,,,,,,,,,,,,,19,2,4,1,,,,,,,,,,,,8,4,3,1,,,,,,,,,,,
196,,,,,,,,,,,,,,,,,,,,,7,1,1,1,0,,,,,,39,4,4,1,1,,,,,,,,,,,,,,,,,,,,,,,,,,,,,,,,,,,,,,,,,,,,,,,,,,,,,,,,5.5,6,3,2,,,,,,,,,,,,0.3,1,1,1,,,,,,,,,,,
197,,,,,,,,,,,,,,,,,,,,,14,3,4,1,0,,,,,,1,6,3,2,1,,,,,,,,,,,,,,,,,,,,,,,,,,,,,,,,,,,,,,,,,,,,,,,,,,,,,,,,8,1,1,1,,,,,,,,,,,,9.5,5,3,2,,,,,,,,,,,
198,,,,,,,,,,,,,,,,,,,,,3,1,1,1,0,,,,,,20,4,4,1,1,,,,,,,,,,,,,,,,,,,,,,,,,,,,,,,,,,,,,,,,,,,,,,,,,,,,,,,,25,3,4,1,,,,,,,,,,,,0.5,1,1,1,,,,,,,,,,,
199,,,,,,,,,,,,,,,,,,,,,15,3,4,1,1,,,,,,1,6,3,2,1,,,,,,,,,,,,,,,,,,,,,,,,,,,,,,,,,,,,,,,,,,,,,,,,,,,,,,,,27,4,4,1,1,,,,,,,,,,,7,5,3,2,,,,,,,,,,,
200,,,,,,,,,,,,,,,,,,,,,11,3,4,1,1,,,,,,42,4,4,1,1,,,,,,,,,,,,,,,,,,,,,,,,,,,,,,,,,,,,,,,,,,,,,,,,,,,,,,,,22,4,4,1,1,,,,,,,,,,,9,5,3,1,,,,,,,,,,,
201,,,,,,,,,,,,,,,,,,,,,57,2,1,1,0,,,,,,3,6,3,2,1,,,,,,,,,,,,,,,,,,,,,,,,,,,,,,,,,,,,,,,,,,,,,,,,,,,,,,,,5,1,1,1,,,,,,,,,,,,5.6,7,3,2,,,,,,,,,,,
202,,,,,,,,,,,,,,,,,,,,,3,5,3,2,0,,,,,,5,6,3,2,1,,,,,,,,,,,,,,,,,,,,,,,,,,,,,,,,,,,,,,,,,,,,,,,,,,,,,,,,14,5,4,1,1,,,,,,,,,,,25,1,1,1,,,,,,,,,,,
203,,,,,,,,,,,,,,,,,,,,,3,1,1,1,0,,,,,,4,6,3,2,1,,,,,,,,,,,,,,,,,,,,,,,,,,,,,,,,,,,,,,,,,,,,,,,,,,,,,,,,7,3,3,1,1,,,,,,,,,,,2,6,3,2,,,,,,,,,,,
204,,,,,,,,,,,,,,,,,,,,,0.5,4,3,2,0,,,,,,125,2,1,1,0,,,,,,,,,,,,,,,,,,,,,,,,,,,,,,,,,,,,,,,,,,,,,,,,,,,,,,,,1000,1,1,1,,,,,,,,,,,,4,1,1,1,,,,,,,,,,,
205,,,,,,,,,,,,,,,,,,,,,2,1,1,1,0,,,,,,15,4,4,1,1,,,,,,,,,,,,,,,,,,,,,,,,,,,,,,,,,,,,,,,,,,,,,,,,,,,,,,,,800,8,7,2,,,,,,,,,,,,0.8,7,3,2,,,,,,,,,,,
206,,,,,,,,,,,,,,,,,,,,,0.5,4,3,2,0,,,,,,30,4,4,1,1,,,,,,,,,,,,,,,,,,,,,,,,,,,,,,,,,,,,,,,,,,,,,,,,,,,,,,,,,,,,,,,,,,,,,,,9,1,1,1,,,,,,,,,,,
207,,,,,,,,,,,,,,,,,,,,,2,1,1,1,0,,,,,,0.5,6,3,2,1,,,,,,,,,,,,,,,,,,,,,,,,,,,,,,,,,,,,,,,,,,,,,,,,,,,,,,,,,,,,,,,,,,,,,,,3.5,6,3,2,,,,,,,,,,,
208,,,,,,,,,,,,,,,,,,,,,0.5,4,3,2,0,,,,,,12,4,4,1,1,,,,,,,,,,,,,,,,,,,,,,,,,,,,,,,,,,,,,,,,,,,,,,,,,,,,,,,,,,,,,,,,,,,,,,,3,1,1,1,,,,,,,,,,,
209,,,,,,,,,,,,,,,,,,,,,4,1,1,1,0,,,,,,0.5,6,3,2,1,,,,,,,,,,,,,,,,,,,,,,,,,,,,,,,,,,,,,,,,,,,,,,,,,,,,,,,,,,,,,,,,,,,,,,,2,6,3,2,,,,,,,,,,,
210,,,,,,,,,,,,,,,,,,,,,2.5,4,3,2,0,,,,,,70,10,7,2,0,,,,,,,,,,,,,,,,,,,,,,,,,,,,,,,,,,,,,,,,,,,,,,,,,,,,,,,,,,,,,,,,,,,,,,,3,1,1,1,,,,,,,,,,,
211,,,,,,,,,,,,,,,,,,,,,1,1,1,1,0,,,,,,7,3,3,1,1,,,,,,,,,,,,,,,,,,,,,,,,,,,,,,,,,,,,,,,,,,,,,,,,,,,,,,,,,,,,,,,,,,,,,,,2.3,6,3,2,,,,,,,,,,,
212,,,,,,,,,,,,,,,,,,,,,5,4,3,2,0,,,,,,10,4,4,1,1,,,,,,,,,,,,,,,,,,,,,,,,,,,,,,,,,,,,,,,,,,,,,,,,,,,,,,,,,,,,,,,,,,,,,,,1,1,1,1,,,,,,,,,,,
213,,,,,,,,,,,,,,,,,,,,,1,1,1,1,0,,,,,,3,6,3,2,1,,,,,,,,,,,,,,,,,,,,,,,,,,,,,,,,,,,,,,,,,,,,,,,,,,,,,,,,,,,,,,,,,,,,,,,3,7,3,2,,,,,,,,,,,
214,,,,,,,,,,,,,,,,,,,,,0.5,4,3,2,0,,,,,,31,4,4,1,1,,,,,,,,,,,,,,,,,,,,,,,,,,,,,,,,,,,,,,,,,,,,,,,,,,,,,,,,,,,,,,,,,,,,,,,8,2,1,1,,,,,,,,,,,
215,,,,,,,,,,,,,,,,,,,,,2,1,1,1,0,,,,,,0.5,6,3,2,1,,,,,,,,,,,,,,,,,,,,,,,,,,,,,,,,,,,,,,,,,,,,,,,,,,,,,,,,,,,,,,,,,,,,,,,13,7,4,2,,,,,,,,,,,
216,,,,,,,,,,,,,,,,,,,,,3,4,3,2,0,,,,,,48,4,4,1,1,,,,,,,,,,,,,,,,,,,,,,,,,,,,,,,,,,,,,,,,,,,,,,,,,,,,,,,,,,,,,,,,,,,,,,,4,1,1,1,,,,,,,,,,,
217,,,,,,,,,,,,,,,,,,,,,1,1,1,1,0,,,,,,2,6,3,2,1,,,,,,,,,,,,,,,,,,,,,,,,,,,,,,,,,,,,,,,,,,,,,,,,,,,,,,,,,,,,,,,,,,,,,,,10,5,4,1,,,,,,,,,,,
218,,,,,,,,,,,,,,,,,,,,,2,4,3,2,0,,,,,,19,2,1,1,0,,,,,,,,,,,,,,,,,,,,,,,,,,,,,,,,,,,,,,,,,,,,,,,,,,,,,,,,,,,,,,,,,,,,,,,0.5,1,1,1,,,,,,,,,,,
219,,,,,,,,,,,,,,,,,,,,,1,1,1,1,0,,,,,,15,4,4,1,0,,,,,,,,,,,,,,,,,,,,,,,,,,,,,,,,,,,,,,,,,,,,,,,,,,,,,,,,,,,,,,,,,,,,,,,9,3,3,1,,,,,,,,,,,
220,,,,,,,,,,,,,,,,,,,,,1.5,4,3,2,0,,,,,,13,4,4,1,0,,,,,,,,,,,,,,,,,,,,,,,,,,,,,,,,,,,,,,,,,,,,,,,,,,,,,,,,,,,,,,,,,,,,,,,16,5,4,1,,,,,,,,,,,
221,,,,,,,,,,,,,,,,,,,,,2,1,1,1,0,,,,,,3,6,3,2,0,,,,,,,,,,,,,,,,,,,,,,,,,,,,,,,,,,,,,,,,,,,,,,,,,,,,,,,,,,,,,,,,,,,,,,,9,3,3,1,,,,,,,,,,,
222,,,,,,,,,,,,,,,,,,,,,5.5,4,3,1,0,,,,,,33,2,1,1,0,,,,,,,,,,,,,,,,,,,,,,,,,,,,,,,,,,,,,,,,,,,,,,,,,,,,,,,,,,,,,,,,,,,,,,,6,6,3,2,,,,,,,,,,,
223,,,,,,,,,,,,,,,,,,,,,15,1,1,1,0,,,,,,13,4,4,1,0,,,,,,,,,,,,,,,,,,,,,,,,,,,,,,,,,,,,,,,,,,,,,,,,,,,,,,,,,,,,,,,,,,,,,,,14,3,4,1,1,,,,,,,,,,
224,,,,,,,,,,,,,,,,,,,,,11,3,4,1,0,,,,,,75,2,1,1,0,,,,,,,,,,,,,,,,,,,,,,,,,,,,,,,,,,,,,,,,,,,,,,,,,,,,,,,,,,,,,,,,,,,,,,,2,6,3,2,1,,,,,,,,,,
225,,,,,,,,,,,,,,,,,,,,,41,1,1,1,0,,,,,,2,6,3,2,0,,,,,,,,,,,,,,,,,,,,,,,,,,,,,,,,,,,,,,,,,,,,,,,,,,,,,,,,,,,,,,,,,,,,,,,19,1,1,1,,,,,,,,,,,
226,,,,,,,,,,,,,,,,,,,,,21,5,4,2,1,,,,,,13,3,4,1,0,,,,,,,,,,,,,,,,,,,,,,,,,,,,,,,,,,,,,,,,,,,,,,,,,,,,,,,,,,,,,,,,,,,,,,,6,6,3,2,,,,,,,,,,,
227,,,,,,,,,,,,,,,,,,,,,3,5,3,2,1,,,,,,12,2,1,1,0,,,,,,,,,,,,,,,,,,,,,,,,,,,,,,,,,,,,,,,,,,,,,,,,,,,,,,,,,,,,,,,,,,,,,,,14,1,1,1,,,,,,,,,,,
228,,,,,,,,,,,,,,,,,,,,,84,1,1,1,0,,,,,,0.5,6,3,2,0,,,,,,,,,,,,,,,,,,,,,,,,,,,,,,,,,,,,,,,,,,,,,,,,,,,,,,,,,,,,,,,,,,,,,,,3.5,5,3,2,,,,,,,,,,,
229,,,,,,,,,,,,,,,,,,,,,32,5,4,2,1,,,,,,11,2,1,1,0,,,,,,,,,,,,,,,,,,,,,,,,,,,,,,,,,,,,,,,,,,,,,,,,,,,,,,,,,,,,,,,,,,,,,,,1.5,1,1,1,,,,,,,,,,,
230,,,,,,,,,,,,,,,,,,,,,34,3,4,1,1,,,,,,4,4,3,1,0,,,,,,,,,,,,,,,,,,,,,,,,,,,,,,,,,,,,,,,,,,,,,,,,,,,,,,,,,,,,,,,,,,,,,,,5,6,3,2,,,,,,,,,,,
231,,,,,,,,,,,,,,,,,,,,,43,1,1,1,0,,,,,,5,6,3,2,0,,,,,,,,,,,,,,,,,,,,,,,,,,,,,,,,,,,,,,,,,,,,,,,,,,,,,,,,,,,,,,,,,,,,,,,6,1,1,1,,,,,,,,,,,
232,,,,,,,,,,,,,,,,,,,,,1.5,5,3,2,0,,,,,,13,2,1,1,0,,,,,,,,,,,,,,,,,,,,,,,,,,,,,,,,,,,,,,,,,,,,,,,,,,,,,,,,,,,,,,,,,,,,,,,1.5,3,3,1,,,,,,,,,,,
233,,,,,,,,,,,,,,,,,,,,,50,1,1,1,0,,,,,,8,6,3,2,0,,,,,,,,,,,,,,,,,,,,,,,,,,,,,,,,,,,,,,,,,,,,,,,,,,,,,,,,,,,,,,,,,,,,,,,0.5,1,1,1,,,,,,,,,,,
234,,,,,,,,,,,,,,,,,,,,,1.5,4,3,2,0,,,,,,609,10,6,1,0,,,,,,,,,,,,,,,,,,,,,,,,,,,,,,,,,,,,,,,,,,,,,,,,,,,,,,,,,,,,,,,,,,,,,,,3,3,3,1,,,,,,,,,,,
235,,,,,,,,,,,,,,,,,,,,,10,1,1,1,0,,,,,,5.2,6,3,2,0,,,,,,,,,,,,,,,,,,,,,,,,,,,,,,,,,,,,,,,,,,,,,,,,,,,,,,,,,,,,,,,,,,,,,,,1.3,6,3,2,,,,,,,,,,,
236,,,,,,,,,,,,,,,,,,,,,36,3,4,1,1,,,,,,52,2,1,1,0,,,,,,,,,,,,,,,,,,,,,,,,,,,,,,,,,,,,,,,,,,,,,,,,,,,,,,,,,,,,,,,,,,,,,,,6.5,4,3,1,,,,,,,,,,,
237,,,,,,,,,,,,,,,,,,,,,31,3,4,1,1,,,,,,7,3,3,1,0,,,,,,,,,,,,,,,,,,,,,,,,,,,,,,,,,,,,,,,,,,,,,,,,,,,,,,,,,,,,,,,,,,,,,,,2.5,6,3,2,,,,,,,,,,,
238,,,,,,,,,,,,,,,,,,,,,16,3,4,1,1,,,,,,3,6,3,2,0,,,,,,,,,,,,,,,,,,,,,,,,,,,,,,,,,,,,,,,,,,,,,,,,,,,,,,,,,,,,,,,,,,,,,,,1.5,1,1,1,,,,,,,,,,,
239,,,,,,,,,,,,,,,,,,,,,15,3,4,1,1,,,,,,5,2,1,1,0,,,,,,,,,,,,,,,,,,,,,,,,,,,,,,,,,,,,,,,,,,,,,,,,,,,,,,,,,,,,,,,,,,,,,,,11,3,4,1,,,,,,,,,,,
240,,,,,,,,,,,,,,,,,,,,,8,3,3,1,1,,,,,,9,3,3,1,1,,,,,,,,,,,,,,,,,,,,,,,,,,,,,,,,,,,,,,,,,,,,,,,,,,,,,,,,,,,,,,,,,,,,,,,0.4,1,1,1,,,,,,,,,,,
241,,,,,,,,,,,,,,,,,,,,,47,1,1,1,0,,,,,,7,3,3,1,1,,,,,,,,,,,,,,,,,,,,,,,,,,,,,,,,,,,,,,,,,,,,,,,,,,,,,,,,,,,,,,,,,,,,,,,15.5,5,4,1,1,,,,,,,,,,
242,,,,,,,,,,,,,,,,,,,,,1.5,4,3,2,0,,,,,,3,3,3,1,1,,,,,,,,,,,,,,,,,,,,,,,,,,,,,,,,,,,,,,,,,,,,,,,,,,,,,,,,,,,,,,,,,,,,,,,8.5,5,3,1,1,,,,,,,,,,
243,,,,,,,,,,,,,,,,,,,,,5,1,1,1,0,,,,,,4,3,3,1,1,,,,,,,,,,,,,,,,,,,,,,,,,,,,,,,,,,,,,,,,,,,,,,,,,,,,,,,,,,,,,,,,,,,,,,,1.1,5,3,2,,,,,,,,,,,
244,,,,,,,,,,,,,,,,,,,,,9,2,1,1,0,,,,,,1,6,3,2,1,,,,,,,,,,,,,,,,,,,,,,,,,,,,,,,,,,,,,,,,,,,,,,,,,,,,,,,,,,,,,,,,,,,,,,,8,5,3,1,,,,,,,,,,,
245,,,,,,,,,,,,,,,,,,,,,2,1,1,1,0,,,,,,14,3,4,1,0,,,,,,,,,,,,,,,,,,,,,,,,,,,,,,,,,,,,,,,,,,,,,,,,,,,,,,,,,,,,,,,,,,,,,,,8,6,3,2,,,,,,,,,,,
246,,,,,,,,,,,,,,,,,,,,,40,4,4,1,0,,,,,,6,6,3,2,0,,,,,,,,,,,,,,,,,,,,,,,,,,,,,,,,,,,,,,,,,,,,,,,,,,,,,,,,,,,,,,,,,,,,,,,10,3,4,1,,,,,,,,,,,
247,,,,,,,,,,,,,,,,,,,,,20,5,4,2,0,,,,,,39,3,4,1,0,,,,,,,,,,,,,,,,,,,,,,,,,,,,,,,,,,,,,,,,,,,,,,,,,,,,,,,,,,,,,,,,,,,,,,,0.4,6,3,2,,,,,,,,,,,
248,,,,,,,,,,,,,,,,,,,,,22,1,1,1,0,,,,,,2,6,3,2,0,,,,,,,,,,,,,,,,,,,,,,,,,,,,,,,,,,,,,,,,,,,,,,,,,,,,,,,,,,,,,,,,,,,,,,,7,1,1,1,,,,,,,,,,,
249,,,,,,,,,,,,,,,,,,,,,1,5,3,2,0,,,,,,22,3,4,1,0,,,,,,,,,,,,,,,,,,,,,,,,,,,,,,,,,,,,,,,,,,,,,,,,,,,,,,,,,,,,,,,,,,,,,,,0.6,6,3,2,,,,,,,,,,,
250,,,,,,,,,,,,,,,,,,,,,3,1,1,1,0,,,,,,7,2,1,1,0,,,,,,,,,,,,,,,,,,,,,,,,,,,,,,,,,,,,,,,,,,,,,,,,,,,,,,,,,,,,,,,,,,,,,,,2,1,1,1,,,,,,,,,,,
251,,,,,,,,,,,,,,,,,,,,,4,5,3,2,0,,,,,,1,6,3,2,0,,,,,,,,,,,,,,,,,,,,,,,,,,,,,,,,,,,,,,,,,,,,,,,,,,,,,,,,,,,,,,,,,,,,,,,5,6,3,2,,,,,,,,,,,
252,,,,,,,,,,,,,,,,,,,,,20,1,1,1,0,,,,,,47,3,4,1,0,,,,,,,,,,,,,,,,,,,,,,,,,,,,,,,,,,,,,,,,,,,,,,,,,,,,,,,,,,,,,,,,,,,,,,,3,1,1,1,,,,,,,,,,,
253,,,,,,,,,,,,,,,,,,,,,37,2,1,1,0,,,,,,1,6,3,2,0,,,,,,,,,,,,,,,,,,,,,,,,,,,,,,,,,,,,,,,,,,,,,,,,,,,,,,,,,,,,,,,,,,,,,,,11.5,5,4,2,,,,,,,,,,,
254,,,,,,,,,,,,,,,,,,,,,70,2,1,1,0,,,,,,10,2,1,1,0,,,,,,,,,,,,,,,,,,,,,,,,,,,,,,,,,,,,,,,,,,,,,,,,,,,,,,,,,,,,,,,,,,,,,,,8,1,1,1,,,,,,,,,,,
255,,,,,,,,,,,,,,,,,,,,,11,3,4,1,0,,,,,,10,4,4,1,0,,,,,,,,,,,,,,,,,,,,,,,,,,,,,,,,,,,,,,,,,,,,,,,,,,,,,,,,,,,,,,,,,,,,,,,1,5,3,2,,,,,,,,,,,
256,,,,,,,,,,,,,,,,,,,,,10,2,1,1,0,,,,,,4,6,3,2,0,,,,,,,,,,,,,,,,,,,,,,,,,,,,,,,,,,,,,,,,,,,,,,,,,,,,,,,,,,,,,,,,,,,,,,,10,3,4,1,,,,,,,,,,,
257,,,,,,,,,,,,,,,,,,,,,4,3,3,1,0,,,,,,20,2,1,1,0,,,,,,,,,,,,,,,,,,,,,,,,,,,,,,,,,,,,,,,,,,,,,,,,,,,,,,,,,,,,,,,,,,,,,,,4.8,4,3,1,,,,,,,,,,,
258,,,,,,,,,,,,,,,,,,,,,42,5,4,1,0,,,,,,1,6,3,2,0,,,,,,,,,,,,,,,,,,,,,,,,,,,,,,,,,,,,,,,,,,,,,,,,,,,,,,,,,,,,,,,,,,,,,,,5.6,3,3,1,,,,,,,,,,,
259,,,,,,,,,,,,,,,,,,,,,11,1,1,1,0,,,,,,51,2,1,1,0,,,,,,,,,,,,,,,,,,,,,,,,,,,,,,,,,,,,,,,,,,,,,,,,,,,,,,,,,,,,,,,,,,,,,,,0.4,4,3,2,,,,,,,,,,,
260,,,,,,,,,,,,,,,,,,,,,36,3,4,1,0,,,,,,6,4,3,1,0,,,,,,,,,,,,,,,,,,,,,,,,,,,,,,,,,,,,,,,,,,,,,,,,,,,,,,,,,,,,,,,,,,,,,,,4,3,3,1,,,,,,,,,,,
261,,,,,,,,,,,,,,,,,,,,,5,1,1,1,0,,,,,,11,2,1,1,0,,,,,,,,,,,,,,,,,,,,,,,,,,,,,,,,,,,,,,,,,,,,,,,,,,,,,,,,,,,,,,,,,,,,,,,6,1,1,1,,,,,,,,,,,
262,,,,,,,,,,,,,,,,,,,,,36,3,4,1,0,,,,,,1,6,3,2,0,,,,,,,,,,,,,,,,,,,,,,,,,,,,,,,,,,,,,,,,,,,,,,,,,,,,,,,,,,,,,,,,,,,,,,,5,3,3,1,,,,,,,,,,,
263,,,,,,,,,,,,,,,,,,,,,5,1,1,1,0,,,,,,2,2,1,1,0,,,,,,,,,,,,,,,,,,,,,,,,,,,,,,,,,,,,,,,,,,,,,,,,,,,,,,,,,,,,,,,,,,,,,,,10,6,4,2,,,,,,,,,,,
264,,,,,,,,,,,,,,,,,,,,,26,4,4,1,0,,,,,,8,4,3,1,0,,,,,,,,,,,,,,,,,,,,,,,,,,,,,,,,,,,,,,,,,,,,,,,,,,,,,,,,,,,,,,,,,,,,,,,6,5,6,2,,,,,,,,,,,
265,,,,,,,,,,,,,,,,,,,,,36,1,1,1,0,,,,,,106,10,6,1,0,,,,,,,,,,,,,,,,,,,,,,,,,,,,,,,,,,,,,,,,,,,,,,,,,,,,,,,,,,,,,,,,,,,,,,,6,5,3,1,,,,,,,,,,,
266,,,,,,,,,,,,,,,,,,,,,8,3,3,1,0,,,,,,5,6,3,2,0,,,,,,,,,,,,,,,,,,,,,,,,,,,,,,,,,,,,,,,,,,,,,,,,,,,,,,,,,,,,,,,,,,,,,,,2,5,3,2,,,,,,,,,,,
267,,,,,,,,,,,,,,,,,,,,,0.5,1,3,2,0,,,,,,16,2,1,1,0,,,,,,,,,,,,,,,,,,,,,,,,,,,,,,,,,,,,,,,,,,,,,,,,,,,,,,,,,,,,,,,,,,,,,,,14,3,4,1,,,,,,,,,,,
268,,,,,,,,,,,,,,,,,,,,,13,3,1,1,0,,,,,,28,4,4,1,0,,,,,,,,,,,,,,,,,,,,,,,,,,,,,,,,,,,,,,,,,,,,,,,,,,,,,,,,,,,,,,,,,,,,,,,0.4,5,3,2,,,,,,,,,,,
269,,,,,,,,,,,,,,,,,,,,,3,1,3,2,0,,,,,,9,3,3,1,0,,,,,,,,,,,,,,,,,,,,,,,,,,,,,,,,,,,,,,,,,,,,,,,,,,,,,,,,,,,,,,,,,,,,,,,6,3,3,1,,,,,,,,,,,
270,,,,,,,,,,,,,,,,,,,,,7,3,3,1,0,,,,,,22,2,1,1,0,,,,,,,,,,,,,,,,,,,,,,,,,,,,,,,,,,,,,,,,,,,,,,,,,,,,,,,,,,,,,,,,,,,,,,,3,1,1,1,,,,,,,,,,,
271,,,,,,,,,,,,,,,,,,,,,140,1,1,1,0,,,,,,8,3,3,1,0,,,,,,,,,,,,,,,,,,,,,,,,,,,,,,,,,,,,,,,,,,,,,,,,,,,,,,,,,,,,,,,,,,,,,,,4.5,6,3,2,,,,,,,,,,,
272,,,,,,,,,,,,,,,,,,,,,5,3,3,1,0,,,,,,80,2,1,1,0,,,,,,,,,,,,,,,,,,,,,,,,,,,,,,,,,,,,,,,,,,,,,,,,,,,,,,,,,,,,,,,,,,,,,,,10,1,1,1,,,,,,,,,,,
273,,,,,,,,,,,,,,,,,,,,,1.5,5,3,2,0,,,,,,38,3,3,1,1,,,,,,,,,,,,,,,,,,,,,,,,,,,,,,,,,,,,,,,,,,,,,,,,,,,,,,,,,,,,,,,,,,,,,,,5,6,3,2,,,,,,,,,,,
274,,,,,,,,,,,,,,,,,,,,,33,3,4,1,0,,,,,,4,6,3,2,1,,,,,,,,,,,,,,,,,,,,,,,,,,,,,,,,,,,,,,,,,,,,,,,,,,,,,,,,,,,,,,,,,,,,,,,2,1,1,1,,,,,,,,,,,
275,,,,,,,,,,,,,,,,,,,,,50,1,1,1,0,,,,,,6,2,1,1,0,,,,,,,,,,,,,,,,,,,,,,,,,,,,,,,,,,,,,,,,,,,,,,,,,,,,,,,,,,,,,,,,,,,,,,,8,3,6,1,,,,,,,,,,,
276,,,,,,,,,,,,,,,,,,,,,9,3,3,1,0,,,,,,37,4,4,1,1,,,,,,,,,,,,,,,,,,,,,,,,,,,,,,,,,,,,,,,,,,,,,,,,,,,,,,,,,,,,,,,,,,,,,,,4,5,3,1,,,,,,,,,,,
277,,,,,,,,,,,,,,,,,,,,,0.5,5,3,2,0,,,,,,48,5,4,1,1,,,,,,,,,,,,,,,,,,,,,,,,,,,,,,,,,,,,,,,,,,,,,,,,,,,,,,,,,,,,,,,,,,,,,,,2,6,3,2,,,,,,,,,,,
278,,,,,,,,,,,,,,,,,,,,,7,3,3,1,0,,,,,,20,2,1,1,0,,,,,,,,,,,,,,,,,,,,,,,,,,,,,,,,,,,,,,,,,,,,,,,,,,,,,,,,,,,,,,,,,,,,,,,4.8,5,3,1,,,,,,,,,,,
279,,,,,,,,,,,,,,,,,,,,,0.5,5,3,2,0,,,,,,23,4,4,1,0,,,,,,,,,,,,,,,,,,,,,,,,,,,,,,,,,,,,,,,,,,,,,,,,,,,,,,,,,,,,,,,,,,,,,,,5,5,3,2,,,,,,,,,,,
280,,,,,,,,,,,,,,,,,,,,,10,3,4,1,0,,,,,,14,4,4,1,0,,,,,,,,,,,,,,,,,,,,,,,,,,,,,,,,,,,,,,,,,,,,,,,,,,,,,,,,,,,,,,,,,,,,,,,5.3,4,3,1,,,,,,,,,,,
281,,,,,,,,,,,,,,,,,,,,,30,1,1,1,0,,,,,,14,4,4,1,0,,,,,,,,,,,,,,,,,,,,,,,,,,,,,,,,,,,,,,,,,,,,,,,,,,,,,,,,,,,,,,,,,,,,,,,5,6,3,2,,,,,,,,,,,
282,,,,,,,,,,,,,,,,,,,,,2,6,3,2,0,,,,,,1,6,3,2,0,,,,,,,,,,,,,,,,,,,,,,,,,,,,,,,,,,,,,,,,,,,,,,,,,,,,,,,,,,,,,,,,,,,,,,,0.5,1,1,1,,,,,,,,,,,
283,,,,,,,,,,,,,,,,,,,,,71,3,4,1,0,,,,,,7,3,3,1,0,,,,,,,,,,,,,,,,,,,,,,,,,,,,,,,,,,,,,,,,,,,,,,,,,,,,,,,,,,,,,,,,,,,,,,,8,3,3,1,,,,,,,,,,,
284,,,,,,,,,,,,,,,,,,,,,14,2,1,1,0,,,,,,25,4,4,1,0,,,,,,,,,,,,,,,,,,,,,,,,,,,,,,,,,,,,,,,,,,,,,,,,,,,,,,,,,,,,,,,,,,,,,,,2,1,1,1,,,,,,,,,,,
285,,,,,,,,,,,,,,,,,,,,,36,3,4,1,0,,,,,,12,7,4,2,0,,,,,,,,,,,,,,,,,,,,,,,,,,,,,,,,,,,,,,,,,,,,,,,,,,,,,,,,,,,,,,,,,,,,,,,12,4,4,1,,,,,,,,,,,
286,,,,,,,,,,,,,,,,,,,,,1.2,5,3,2,0,,,,,,2,4,3,1,0,,,,,,,,,,,,,,,,,,,,,,,,,,,,,,,,,,,,,,,,,,,,,,,,,,,,,,,,,,,,,,,,,,,,,,,0.4,6,3,2,,,,,,,,,,,
287,,,,,,,,,,,,,,,,,,,,,31,3,4,1,0,,,,,,27,4,4,1,1,,,,,,,,,,,,,,,,,,,,,,,,,,,,,,,,,,,,,,,,,,,,,,,,,,,,,,,,,,,,,,,,,,,,,,,3.5,3,4,1,,,,,,,,,,,
288,,,,,,,,,,,,,,,,,,,,,8,1,1,1,0,,,,,,1,6,3,2,1,,,,,,,,,,,,,,,,,,,,,,,,,,,,,,,,,,,,,,,,,,,,,,,,,,,,,,,,,,,,,,,,,,,,,,,0.7,6,3,2,,,,,,,,,,,
289,,,,,,,,,,,,,,,,,,,,,15,5,2,1,0,,,,,,40,4,4,1,1,,,,,,,,,,,,,,,,,,,,,,,,,,,,,,,,,,,,,,,,,,,,,,,,,,,,,,,,,,,,,,,,,,,,,,,3.5,3,3,1,,,,,,,,,,,
290,,,,,,,,,,,,,,,,,,,,,29,1,1,1,0,,,,,,0.5,6,3,2,0,,,,,,,,,,,,,,,,,,,,,,,,,,,,,,,,,,,,,,,,,,,,,,,,,,,,,,,,,,,,,,,,,,,,,,,16,1,1,1,,,,,,,,,,,
291,,,,,,,,,,,,,,,,,,,,,2.5,3,3,1,0,,,,,,6,2,1,1,0,,,,,,,,,,,,,,,,,,,,,,,,,,,,,,,,,,,,,,,,,,,,,,,,,,,,,,,,,,,,,,,,,,,,,,,19,5,4,2,,,,,,,,,,,
292,,,,,,,,,,,,,,,,,,,,,4.5,6,3,2,0,,,,,,13,6,4,1,0,,,,,,,,,,,,,,,,,,,,,,,,,,,,,,,,,,,,,,,,,,,,,,,,,,,,,,,,,,,,,,,,,,,,,,,17,1,1,1,,,,,,,,,,,
293,,,,,,,,,,,,,,,,,,,,,125,2,1,1,0,,,,,,4,6,3,1,0,,,,,,,,,,,,,,,,,,,,,,,,,,,,,,,,,,,,,,,,,,,,,,,,,,,,,,,,,,,,,,,,,,,,,,,2.5,5,3,2,,,,,,,,,,,
294,,,,,,,,,,,,,,,,,,,,,6,5,3,2,0,,,,,,4,6,3,1,0,,,,,,,,,,,,,,,,,,,,,,,,,,,,,,,,,,,,,,,,,,,,,,,,,,,,,,,,,,,,,,,,,,,,,,,1.5,1,1,1,,,,,,,,,,,
295,,,,,,,,,,,,,,,,,,,,,12,1,1,1,0,,,,,,9,4,3,1,1,,,,,,,,,,,,,,,,,,,,,,,,,,,,,,,,,,,,,,,,,,,,,,,,,,,,,,,,,,,,,,,,,,,,,,,10,3,4,1,1,,,,,,,,,,
296,,,,,,,,,,,,,,,,,,,,,32,5,4,1,0,,,,,,2,6,3,2,1,,,,,,,,,,,,,,,,,,,,,,,,,,,,,,,,,,,,,,,,,,,,,,,,,,,,,,,,,,,,,,,,,,,,,,,7,3,3,1,1,,,,,,,,,,
297,,,,,,,,,,,,,,,,,,,,,6,1,1,1,0,,,,,,39,2,1,1,0,,,,,,,,,,,,,,,,,,,,,,,,,,,,,,,,,,,,,,,,,,,,,,,,,,,,,,,,,,,,,,,,,,,,,,,6,3,3,1,1,,,,,,,,,,
298,,,,,,,,,,,,,,,,,,,,,2,4,3,1,0,,,,,,16,3,4,1,0,,,,,,,,,,,,,,,,,,,,,,,,,,,,,,,,,,,,,,,,,,,,,,,,,,,,,,,,,,,,,,,,,,,,,,,4.8,5,3,2,,,,,,,,,,,
299,,,,,,,,,,,,,,,,,,,,,5,1,1,1,0,,,,,,1.5,6,3,2,0,,,,,,,,,,,,,,,,,,,,,,,,,,,,,,,,,,,,,,,,,,,,,,,,,,,,,,,,,,,,,,,,,,,,,,,,,,,,,,,,,,,,,
300,,,,,,,,,,,,,,,,,,,,,3,4,3,1,0,,,,,,56,10,6,2,0,,,,,,,,,,,,,,,,,,,,,,,,,,,,,,,,,,,,,,,,,,,,,,,,,,,,,,,,,,,,,,,,,,,,,,,,,,,,,,,,,,,,,
301,,,,,,,,,,,,,,,,,,,,,5,1,1,1,0,,,,,,3,7,3,2,0,,,,,,,,,,,,,,,,,,,,,,,,,,,,,,,,,,,,,,,,,,,,,,,,,,,,,,,,,,,,,,,,,,,,,,,,,,,,,,,,,,,,,
302,,,,,,,,,,,,,,,,,,,,,10,5,4,1,0,,,,,,35,10,6,2,0,,,,,,,,,,,,,,,,,,,,,,,,,,,,,,,,,,,,,,,,,,,,,,,,,,,,,,,,,,,,,,,,,,,,,,,,,,,,,,,,,,,,,
303,,,,,,,,,,,,,,,,,,,,,2,1,1,1,0,,,,,,35,6,2,2,0,,,,,,,,,,,,,,,,,,,,,,,,,,,,,,,,,,,,,,,,,,,,,,,,,,,,,,,,,,,,,,,,,,,,,,,,,,,,,,,,,,,,,
304,,,,,,,,,,,,,,,,,,,,,44,3,4,1,0,,,,,,35,6,2,2,0,,,,,,,,,,,,,,,,,,,,,,,,,,,,,,,,,,,,,,,,,,,,,,,,,,,,,,,,,,,,,,,,,,,,,,,,,,,,,,,,,,,,,
305,,,,,,,,,,,,,,,,,,,,,135,2,6,1,0,,,,,,10,3,4,1,0,,,,,,,,,,,,,,,,,,,,,,,,,,,,,,,,,,,,,,,,,,,,,,,,,,,,,,,,,,,,,,,,,,,,,,,,,,,,,,,,,,,,,
306,,,,,,,,,,,,,,,,,,,,,18,7,6,1,0,,,,,,5,2,1,1,0,,,,,,,,,,,,,,,,,,,,,,,,,,,,,,,,,,,,,,,,,,,,,,,,,,,,,,,,,,,,,,,,,,,,,,,,,,,,,,,,,,,,,
307,,,,,,,,,,,,,,,,,,,,,14,1,1,1,0,,,,,,3,6,3,2,0,,,,,,,,,,,,,,,,,,,,,,,,,,,,,,,,,,,,,,,,,,,,,,,,,,,,,,,,,,,,,,,,,,,,,,,,,,,,,,,,,,,,,
308,,,,,,,,,,,,,,,,,,,,,54,3,4,1,0,,,,,,320,2,1,1,0,,,,,,,,,,,,,,,,,,,,,,,,,,,,,,,,,,,,,,,,,,,,,,,,,,,,,,,,,,,,,,,,,,,,,,,,,,,,,,,,,,,,,
309,,,,,,,,,,,,,,,,,,,,,130,1,1,1,0,,,,,,609,10,7,2,1,,,,,,,,,,,,,,,,,,,,,,,,,,,,,,,,,,,,,,,,,,,,,,,,,,,,,,,,,,,,,,,,,,,,,,,,,,,,,,,,,,,,,
310,,,,,,,,,,,,,,,,,,,,,11,2,1,1,0,,,,,,10,4,4,1,1,,,,,,,,,,,,,,,,,,,,,,,,,,,,,,,,,,,,,,,,,,,,,,,,,,,,,,,,,,,,,,,,,,,,,,,,,,,,,,,,,,,,,
311,,,,,,,,,,,,,,,,,,,,,6,1,1,1,0,,,,,,7,6,3,2,1,,,,,,,,,,,,,,,,,,,,,,,,,,,,,,,,,,,,,,,,,,,,,,,,,,,,,,,,,,,,,,,,,,,,,,,,,,,,,,,,,,,,,
312,,,,,,,,,,,,,,,,,,,,,11,3,4,1,0,,,,,,11,4,4,1,1,,,,,,,,,,,,,,,,,,,,,,,,,,,,,,,,,,,,,,,,,,,,,,,,,,,,,,,,,,,,,,,,,,,,,,,,,,,,,,,,,,,,,
313,,,,,,,,,,,,,,,,,,,,,22,1,1,1,0,,,,,,14,2,1,1,0,,,,,,,,,,,,,,,,,,,,,,,,,,,,,,,,,,,,,,,,,,,,,,,,,,,,,,,,,,,,,,,,,,,,,,,,,,,,,,,,,,,,,
314,,,,,,,,,,,,,,,,,,,,,13,3,4,1,0,,,,,,22,3,4,3,1,,,,,,,,,,,,,,,,,,,,,,,,,,,,,,,,,,,,,,,,,,,,,,,,,,,,,,,,,,,,,,,,,,,,,,,,,,,,,,,,,,,,,
315,,,,,,,,,,,,,,,,,,,,,21,1,1,1,0,,,,,,1,6,3,2,1,,,,,,,,,,,,,,,,,,,,,,,,,,,,,,,,,,,,,,,,,,,,,,,,,,,,,,,,,,,,,,,,,,,,,,,,,,,,,,,,,,,,,
316,,,,,,,,,,,,,,,,,,,,,12,5,4,1,0,,,,,,1,6,3,2,1,,,,,,,,,,,,,,,,,,,,,,,,,,,,,,,,,,,,,,,,,,,,,,,,,,,,,,,,,,,,,,,,,,,,,,,,,,,,,,,,,,,,,
317,,,,,,,,,,,,,,,,,,,,,17,1,1,1,0,,,,,,1,6,3,2,1,,,,,,,,,,,,,,,,,,,,,,,,,,,,,,,,,,,,,,,,,,,,,,,,,,,,,,,,,,,,,,,,,,,,,,,,,,,,,,,,,,,,,
318,,,,,,,,,,,,,,,,,,,,,9,4,3,1,0,,,,,,16,3,4,1,1,,,,,,,,,,,,,,,,,,,,,,,,,,,,,,,,,,,,,,,,,,,,,,,,,,,,,,,,,,,,,,,,,,,,,,,,,,,,,,,,,,,,,
319,,,,,,,,,,,,,,,,,,,,,75,2,1,1,0,,,,,,19,2,1,1,0,,,,,,,,,,,,,,,,,,,,,,,,,,,,,,,,,,,,,,,,,,,,,,,,,,,,,,,,,,,,,,,,,,,,,,,,,,,,,,,,,,,,,
320,,,,,,,,,,,,,,,,,,,,,18,4,4,1,0,,,,,,21,4,4,1,1,,,,,,,,,,,,,,,,,,,,,,,,,,,,,,,,,,,,,,,,,,,,,,,,,,,,,,,,,,,,,,,,,,,,,,,,,,,,,,,,,,,,,
321,,,,,,,,,,,,,,,,,,,,,2,1,1,1,0,,,,,,13,3,4,1,1,,,,,,,,,,,,,,,,,,,,,,,,,,,,,,,,,,,,,,,,,,,,,,,,,,,,,,,,,,,,,,,,,,,,,,,,,,,,,,,,,,,,,
322,,,,,,,,,,,,,,,,,,,,,23,4,4,1,0,,,,,,10,3,4,1,1,,,,,,,,,,,,,,,,,,,,,,,,,,,,,,,,,,,,,,,,,,,,,,,,,,,,,,,,,,,,,,,,,,,,,,,,,,,,,,,,,,,,,
323,,,,,,,,,,,,,,,,,,,,,5,2,1,1,0,,,,,,1,6,3,2,1,,,,,,,,,,,,,,,,,,,,,,,,,,,,,,,,,,,,,,,,,,,,,,,,,,,,,,,,,,,,,,,,,,,,,,,,,,,,,,,,,,,,,
324,,,,,,,,,,,,,,,,,,,,,12,3,4,1,0,,,,,,7,3,3,1,0,,,,,,,,,,,,,,,,,,,,,,,,,,,,,,,,,,,,,,,,,,,,,,,,,,,,,,,,,,,,,,,,,,,,,,,,,,,,,,,,,,,,,
325,,,,,,,,,,,,,,,,,,,,,53,1,1,1,0,,,,,,10,4,4,1,0,,,,,,,,,,,,,,,,,,,,,,,,,,,,,,,,,,,,,,,,,,,,,,,,,,,,,,,,,,,,,,,,,,,,,,,,,,,,,,,,,,,,,
326,,,,,,,,,,,,,,,,,,,,,14,4,4,1,0,,,,,,9,4,3,1,1,,,,,,,,,,,,,,,,,,,,,,,,,,,,,,,,,,,,,,,,,,,,,,,,,,,,,,,,,,,,,,,,,,,,,,,,,,,,,,,,,,,,,
327,,,,,,,,,,,,,,,,,,,,,6,1,1,1,0,,,,,,6,4,3,1,1,,,,,,,,,,,,,,,,,,,,,,,,,,,,,,,,,,,,,,,,,,,,,,,,,,,,,,,,,,,,,,,,,,,,,,,,,,,,,,,,,,,,,
328,,,,,,,,,,,,,,,,,,,,,27,4,4,1,0,,,,,,25,4,4,1,1,,,,,,,,,,,,,,,,,,,,,,,,,,,,,,,,,,,,,,,,,,,,,,,,,,,,,,,,,,,,,,,,,,,,,,,,,,,,,,,,,,,,,
329,,,,,,,,,,,,,,,,,,,,,7,1,1,1,0,,,,,,1,6,3,2,1,,,,,,,,,,,,,,,,,,,,,,,,,,,,,,,,,,,,,,,,,,,,,,,,,,,,,,,,,,,,,,,,,,,,,,,,,,,,,,,,,,,,,
330,,,,,,,,,,,,,,,,,,,,,6,4,3,1,1,,,,,,49,2,1,1,0,,,,,,,,,,,,,,,,,,,,,,,,,,,,,,,,,,,,,,,,,,,,,,,,,,,,,,,,,,,,,,,,,,,,,,,,,,,,,,,,,,,,,
331,,,,,,,,,,,,,,,,,,,,,9,4,3,1,1,,,,,,10,3,4,1,1,,,,,,,,,,,,,,,,,,,,,,,,,,,,,,,,,,,,,,,,,,,,,,,,,,,,,,,,,,,,,,,,,,,,,,,,,,,,,,,,,,,,,
332,,,,,,,,,,,,,,,,,,,,,5,1,1,1,0,,,,,,15,4,4,1,1,,,,,,,,,,,,,,,,,,,,,,,,,,,,,,,,,,,,,,,,,,,,,,,,,,,,,,,,,,,,,,,,,,,,,,,,,,,,,,,,,,,,,
333,,,,,,,,,,,,,,,,,,,,,25,4,4,1,0,,,,,,18,4,4,1,1,,,,,,,,,,,,,,,,,,,,,,,,,,,,,,,,,,,,,,,,,,,,,,,,,,,,,,,,,,,,,,,,,,,,,,,,,,,,,,,,,,,,,
334,,,,,,,,,,,,,,,,,,,,,140,2,1,1,0,,,,,,37,2,1,1,0,,,,,,,,,,,,,,,,,,,,,,,,,,,,,,,,,,,,,,,,,,,,,,,,,,,,,,,,,,,,,,,,,,,,,,,,,,,,,,,,,,,,,
335,,,,,,,,,,,,,,,,,,,,,10,3,4,1,0,,,,,,0.5,6,3,2,0,,,,,,,,,,,,,,,,,,,,,,,,,,,,,,,,,,,,,,,,,,,,,,,,,,,,,,,,,,,,,,,,,,,,,,,,,,,,,,,,,,,,,
336,,,,,,,,,,,,,,,,,,,,,3,1,1,1,0,,,,,,42,2,1,1,0,,,,,,,,,,,,,,,,,,,,,,,,,,,,,,,,,,,,,,,,,,,,,,,,,,,,,,,,,,,,,,,,,,,,,,,,,,,,,,,,,,,,,
337,,,,,,,,,,,,,,,,,,,,,13,3,4,1,0,,,,,,0.5,6,3,2,0,,,,,,,,,,,,,,,,,,,,,,,,,,,,,,,,,,,,,,,,,,,,,,,,,,,,,,,,,,,,,,,,,,,,,,,,,,,,,,,,,,,,,
338,,,,,,,,,,,,,,,,,,,,,1,5,3,1,0,,,,,,36,2,1,1,0,,,,,,,,,,,,,,,,,,,,,,,,,,,,,,,,,,,,,,,,,,,,,,,,,,,,,,,,,,,,,,,,,,,,,,,,,,,,,,,,,,,,,
339,,,,,,,,,,,,,,,,,,,,,10,3,4,1,0,,,,,,8,4,3,1,0,,,,,,,,,,,,,,,,,,,,,,,,,,,,,,,,,,,,,,,,,,,,,,,,,,,,,,,,,,,,,,,,,,,,,,,,,,,,,,,,,,,,,
340,,,,,,,,,,,,,,,,,,,,,14,3,4,1,0,,,,,,2,6,1,2,0,,,,,,,,,,,,,,,,,,,,,,,,,,,,,,,,,,,,,,,,,,,,,,,,,,,,,,,,,,,,,,,,,,,,,,,,,,,,,,,,,,,,,
341,,,,,,,,,,,,,,,,,,,,,5,1,1,1,0,,,,,,6,3,3,1,0,,,,,,,,,,,,,,,,,,,,,,,,,,,,,,,,,,,,,,,,,,,,,,,,,,,,,,,,,,,,,,,,,,,,,,,,,,,,,,,,,,,,,
342,,,,,,,,,,,,,,,,,,,,,11,4,4,1,0,,,,,,1,6,3,2,0,,,,,,,,,,,,,,,,,,,,,,,,,,,,,,,,,,,,,,,,,,,,,,,,,,,,,,,,,,,,,,,,,,,,,,,,,,,,,,,,,,,,,
343,,,,,,,,,,,,,,,,,,,,,32,2,1,1,0,,,,,,34,3,4,1,0,,,,,,,,,,,,,,,,,,,,,,,,,,,,,,,,,,,,,,,,,,,,,,,,,,,,,,,,,,,,,,,,,,,,,,,,,,,,,,,,,,,,,
344,,,,,,,,,,,,,,,,,,,,,12,4,4,1,0,,,,,,640,10,7,2,0,,,,,,,,,,,,,,,,,,,,,,,,,,,,,,,,,,,,,,,,,,,,,,,,,,,,,,,,,,,,,,,,,,,,,,,,,,,,,,,,,,,,,
345,,,,,,,,,,,,,,,,,,,,,110,2,1,1,0,,,,,,,,,,,,,,,,,,,,,,,,,,,,,,,,,,,,,,,,,,,,,,,,,,,,,,,,,,,,,,,,,,,,,,,,,,,,,,,,,,,,,,,,,,,,,,,
346,,,,,,,,,,,,,,,,,,,,,24,4,4,1,0,,,,,,,,,,,,,,,,,,,,,,,,,,,,,,,,,,,,,,,,,,,,,,,,,,,,,,,,,,,,,,,,,,,,,,,,,,,,,,,,,,,,,,,,,,,,,,,
347,,,,,,,,,,,,,,,,,,,,,16,1,1,1,0,,,,,,,,,,,,,,,,,,,,,,,,,,,,,,,,,,,,,,,,,,,,,,,,,,,,,,,,,,,,,,,,,,,,,,,,,,,,,,,,,,,,,,,,,,,,,,,
348,,,,,,,,,,,,,,,,,,,,,15,3,4,1,0,,,,,,,,,,,,,,,,,,,,,,,,,,,,,,,,,,,,,,,,,,,,,,,,,,,,,,,,,,,,,,,,,,,,,,,,,,,,,,,,,,,,,,,,,,,,,,,
349,,,,,,,,,,,,,,,,,,,,,23,4,4,1,0,,,,,,,,,,,,,,,,,,,,,,,,,,,,,,,,,,,,,,,,,,,,,,,,,,,,,,,,,,,,,,,,,,,,,,,,,,,,,,,,,,,,,,,,,,,,,,,
350,,,,,,,,,,,,,,,,,,,,,4,3,3,1,1,,,,,,,,,,,,,,,,,,,,,,,,,,,,,,,,,,,,,,,,,,,,,,,,,,,,,,,,,,,,,,,,,,,,,,,,,,,,,,,,,,,,,,,,,,,,,,,
351,,,,,,,,,,,,,,,,,,,,,7,3,3,1,1,,,,,,,,,,,,,,,,,,,,,,,,,,,,,,,,,,,,,,,,,,,,,,,,,,,,,,,,,,,,,,,,,,,,,,,,,,,,,,,,,,,,,,,,,,,,,,,
352,,,,,,,,,,,,,,,,,,,,,40,1,1,1,0,,,,,,,,,,,,,,,,,,,,,,,,,,,,,,,,,,,,,,,,,,,,,,,,,,,,,,,,,,,,,,,,,,,,,,,,,,,,,,,,,,,,,,,,,,,,,,,
353,,,,,,,,,,,,,,,,,,,,,10,4,4,1,0,,,,,,,,,,,,,,,,,,,,,,,,,,,,,,,,,,,,,,,,,,,,,,,,,,,,,,,,,,,,,,,,,,,,,,,,,,,,,,,,,,,,,,,,,,,,,,,
354,,,,,,,,,,,,,,,,,,,,,91,1,1,1,0,,,,,,,,,,,,,,,,,,,,,,,,,,,,,,,,,,,,,,,,,,,,,,,,,,,,,,,,,,,,,,,,,,,,,,,,,,,,,,,,,,,,,,,,,,,,,,,
355,,,,,,,,,,,,,,,,,,,,,25,3,4,1,0,,,,,,,,,,,,,,,,,,,,,,,,,,,,,,,,,,,,,,,,,,,,,,,,,,,,,,,,,,,,,,,,,,,,,,,,,,,,,,,,,,,,,,,,,,,,,,,
356,,,,,,,,,,,,,,,,,,,,,12,6,4,2,0,,,,,,,,,,,,,,,,,,,,,,,,,,,,,,,,,,,,,,,,,,,,,,,,,,,,,,,,,,,,,,,,,,,,,,,,,,,,,,,,,,,,,,,,,,,,,,,
357,,,,,,,,,,,,,,,,,,,,,100,1,1,1,0,,,,,,,,,,,,,,,,,,,,,,,,,,,,,,,,,,,,,,,,,,,,,,,,,,,,,,,,,,,,,,,,,,,,,,,,,,,,,,,,,,,,,,,,,,,,,,,
358,,,,,,,,,,,,,,,,,,,,,1.9,5,3,2,0,,,,,,,,,,,,,,,,,,,,,,,,,,,,,,,,,,,,,,,,,,,,,,,,,,,,,,,,,,,,,,,,,,,,,,,,,,,,,,,,,,,,,,,,,,,,,,,
359,,,,,,,,,,,,,,,,,,,,,131,1,1,1,0,,,,,,,,,,,,,,,,,,,,,,,,,,,,,,,,,,,,,,,,,,,,,,,,,,,,,,,,,,,,,,,,,,,,,,,,,,,,,,,,,,,,,,,,,,,,,,,
360,,,,,,,,,,,,,,,,,,,,,2,5,3,2,0,,,,,,,,,,,,,,,,,,,,,,,,,,,,,,,,,,,,,,,,,,,,,,,,,,,,,,,,,,,,,,,,,,,,,,,,,,,,,,,,,,,,,,,,,,,,,,,
361,,,,,,,,,,,,,,,,,,,,,60,1,1,1,0,,,,,,,,,,,,,,,,,,,,,,,,,,,,,,,,,,,,,,,,,,,,,,,,,,,,,,,,,,,,,,,,,,,,,,,,,,,,,,,,,,,,,,,,,,,,,,,
362,,,,,,,,,,,,,,,,,,,,,13,3,4,1,0,,,,,,,,,,,,,,,,,,,,,,,,,,,,,,,,,,,,,,,,,,,,,,,,,,,,,,,,,,,,,,,,,,,,,,,,,,,,,,,,,,,,,,,,,,,,,,,
363,,,,,,,,,,,,,,,,,,,,,6,1,1,1,0,,,,,,,,,,,,,,,,,,,,,,,,,,,,,,,,,,,,,,,,,,,,,,,,,,,,,,,,,,,,,,,,,,,,,,,,,,,,,,,,,,,,,,,,,,,,,,,
364,,,,,,,,,,,,,,,,,,,,,9,3,3,1,0,,,,,,,,,,,,,,,,,,,,,,,,,,,,,,,,,,,,,,,,,,,,,,,,,,,,,,,,,,,,,,,,,,,,,,,,,,,,,,,,,,,,,,,,,,,,,,,
365,,,,,,,,,,,,,,,,,,,,,1,5,3,2,0,,,,,,,,,,,,,,,,,,,,,,,,,,,,,,,,,,,,,,,,,,,,,,,,,,,,,,,,,,,,,,,,,,,,,,,,,,,,,,,,,,,,,,,,,,,,,,,
366,,,,,,,,,,,,,,,,,,,,,3,3,3,1,0,,,,,,,,,,,,,,,,,,,,,,,,,,,,,,,,,,,,,,,,,,,,,,,,,,,,,,,,,,,,,,,,,,,,,,,,,,,,,,,,,,,,,,,,,,,,,,,
367,,,,,,,,,,,,,,,,,,,,,2,1,1,1,0,,,,,,,,,,,,,,,,,,,,,,,,,,,,,,,,,,,,,,,,,,,,,,,,,,,,,,,,,,,,,,,,,,,,,,,,,,,,,,,,,,,,,,,,,,,,,,,
368,,,,,,,,,,,,,,,,,,,,,5,3,3,1,0,,,,,,,,,,,,,,,,,,,,,,,,,,,,,,,,,,,,,,,,,,,,,,,,,,,,,,,,,,,,,,,,,,,,,,,,,,,,,,,,,,,,,,,,,,,,,,,
369,,,,,,,,,,,,,,,,,,,,,20,1,1,1,0,,,,,,,,,,,,,,,,,,,,,,,,,,,,,,,,,,,,,,,,,,,,,,,,,,,,,,,,,,,,,,,,,,,,,,,,,,,,,,,,,,,,,,,,,,,,,,,
370,,,,,,,,,,,,,,,,,,,,,6,4,3,1,0,,,,,,,,,,,,,,,,,,,,,,,,,,,,,,,,,,,,,,,,,,,,,,,,,,,,,,,,,,,,,,,,,,,,,,,,,,,,,,,,,,,,,,,,,,,,,,,
371,,,,,,,,,,,,,,,,,,,,,74,1,1,1,0,,,,,,,,,,,,,,,,,,,,,,,,,,,,,,,,,,,,,,,,,,,,,,,,,,,,,,,,,,,,,,,,,,,,,,,,,,,,,,,,,,,,,,,,,,,,,,,
372,,,,,,,,,,,,,,,,,,,,,15,5,2,2,0,,,,,,,,,,,,,,,,,,,,,,,,,,,,,,,,,,,,,,,,,,,,,,,,,,,,,,,,,,,,,,,,,,,,,,,,,,,,,,,,,,,,,,,,,,,,,,,
373,,,,,,,,,,,,,,,,,,,,,7,1,1,1,0,,,,,,,,,,,,,,,,,,,,,,,,,,,,,,,,,,,,,,,,,,,,,,,,,,,,,,,,,,,,,,,,,,,,,,,,,,,,,,,,,,,,,,,,,,,,,,,
374,,,,,,,,,,,,,,,,,,,,,10,4,4,1,1,,,,,,,,,,,,,,,,,,,,,,,,,,,,,,,,,,,,,,,,,,,,,,,,,,,,,,,,,,,,,,,,,,,,,,,,,,,,,,,,,,,,,,,,,,,,,,,
375,,,,,,,,,,,,,,,,,,,,,15,4,4,1,1,,,,,,,,,,,,,,,,,,,,,,,,,,,,,,,,,,,,,,,,,,,,,,,,,,,,,,,,,,,,,,,,,,,,,,,,,,,,,,,,,,,,,,,,,,,,,,,
376,,,,,,,,,,,,,,,,,,,,,100,1,1,1,0,,,,,,,,,,,,,,,,,,,,,,,,,,,,,,,,,,,,,,,,,,,,,,,,,,,,,,,,,,,,,,,,,,,,,,,,,,,,,,,,,,,,,,,,,,,,,,,
377,,,,,,,,,,,,,,,,,,,,,1,5,3,2,0,,,,,,,,,,,,,,,,,,,,,,,,,,,,,,,,,,,,,,,,,,,,,,,,,,,,,,,,,,,,,,,,,,,,,,,,,,,,,,,,,,,,,,,,,,,,,,,
378,,,,,,,,,,,,,,,,,,,,,8,1,1,1,0,,,,,,,,,,,,,,,,,,,,,,,,,,,,,,,,,,,,,,,,,,,,,,,,,,,,,,,,,,,,,,,,,,,,,,,,,,,,,,,,,,,,,,,,,,,,,,,
379,,,,,,,,,,,,,,,,,,,,,2,4,3,2,0,,,,,,,,,,,,,,,,,,,,,,,,,,,,,,,,,,,,,,,,,,,,,,,,,,,,,,,,,,,,,,,,,,,,,,,,,,,,,,,,,,,,,,,,,,,,,,,
380,,,,,,,,,,,,,,,,,,,,,6,1,1,1,0,,,,,,,,,,,,,,,,,,,,,,,,,,,,,,,,,,,,,,,,,,,,,,,,,,,,,,,,,,,,,,,,,,,,,,,,,,,,,,,,,,,,,,,,,,,,,,,
381,,,,,,,,,,,,,,,,,,,,,1,4,3,1,0,,,,,,,,,,,,,,,,,,,,,,,,,,,,,,,,,,,,,,,,,,,,,,,,,,,,,,,,,,,,,,,,,,,,,,,,,,,,,,,,,,,,,,,,,,,,,,,
382,,,,,,,,,,,,,,,,,,,,,15,1,1,1,0,,,,,,,,,,,,,,,,,,,,,,,,,,,,,,,,,,,,,,,,,,,,,,,,,,,,,,,,,,,,,,,,,,,,,,,,,,,,,,,,,,,,,,,,,,,,,,,
383,,,,,,,,,,,,,,,,,,,,,6,3,3,1,0,,,,,,,,,,,,,,,,,,,,,,,,,,,,,,,,,,,,,,,,,,,,,,,,,,,,,,,,,,,,,,,,,,,,,,,,,,,,,,,,,,,,,,,,,,,,,,,
384,,,,,,,,,,,,,,,,,,,,,0.5,1,1,1,0,,,,,,,,,,,,,,,,,,,,,,,,,,,,,,,,,,,,,,,,,,,,,,,,,,,,,,,,,,,,,,,,,,,,,,,,,,,,,,,,,,,,,,,,,,,,,,,
385,,,,,,,,,,,,,,,,,,,,,44,3,4,1,0,,,,,,,,,,,,,,,,,,,,,,,,,,,,,,,,,,,,,,,,,,,,,,,,,,,,,,,,,,,,,,,,,,,,,,,,,,,,,,,,,,,,,,,,,,,,,,,
386,,,,,,,,,,,,,,,,,,,,,5,1,1,1,0,,,,,,,,,,,,,,,,,,,,,,,,,,,,,,,,,,,,,,,,,,,,,,,,,,,,,,,,,,,,,,,,,,,,,,,,,,,,,,,,,,,,,,,,,,,,,,,
387,,,,,,,,,,,,,,,,,,,,,24,4,4,1,0,,,,,,,,,,,,,,,,,,,,,,,,,,,,,,,,,,,,,,,,,,,,,,,,,,,,,,,,,,,,,,,,,,,,,,,,,,,,,,,,,,,,,,,,,,,,,,,
388,,,,,,,,,,,,,,,,,,,,,8,1,1,1,0,,,,,,,,,,,,,,,,,,,,,,,,,,,,,,,,,,,,,,,,,,,,,,,,,,,,,,,,,,,,,,,,,,,,,,,,,,,,,,,,,,,,,,,,,,,,,,,
389,,,,,,,,,,,,,,,,,,,,,6,4,3,1,0,,,,,,,,,,,,,,,,,,,,,,,,,,,,,,,,,,,,,,,,,,,,,,,,,,,,,,,,,,,,,,,,,,,,,,,,,,,,,,,,,,,,,,,,,,,,,,,
390,,,,,,,,,,,,,,,,,,,,,110,1,1,1,0,,,,,,,,,,,,,,,,,,,,,,,,,,,,,,,,,,,,,,,,,,,,,,,,,,,,,,,,,,,,,,,,,,,,,,,,,,,,,,,,,,,,,,,,,,,,,,,
391,,,,,,,,,,,,,,,,,,,,,6,4,3,1,0,,,,,,,,,,,,,,,,,,,,,,,,,,,,,,,,,,,,,,,,,,,,,,,,,,,,,,,,,,,,,,,,,,,,,,,,,,,,,,,,,,,,,,,,,,,,,,,
392,,,,,,,,,,,,,,,,,,,,,60,1,1,1,0,,,,,,,,,,,,,,,,,,,,,,,,,,,,,,,,,,,,,,,,,,,,,,,,,,,,,,,,,,,,,,,,,,,,,,,,,,,,,,,,,,,,,,,,,,,,,,,
393,,,,,,,,,,,,,,,,,,,,,1,5,3,2,0,,,,,,,,,,,,,,,,,,,,,,,,,,,,,,,,,,,,,,,,,,,,,,,,,,,,,,,,,,,,,,,,,,,,,,,,,,,,,,,,,,,,,,,,,,,,,,,
394,,,,,,,,,,,,,,,,,,,,,1,1,1,1,0,,,,,,,,,,,,,,,,,,,,,,,,,,,,,,,,,,,,,,,,,,,,,,,,,,,,,,,,,,,,,,,,,,,,,,,,,,,,,,,,,,,,,,,,,,,,,,,
395,,,,,,,,,,,,,,,,,,,,,38,3,4,1,0,,,,,,,,,,,,,,,,,,,,,,,,,,,,,,,,,,,,,,,,,,,,,,,,,,,,,,,,,,,,,,,,,,,,,,,,,,,,,,,,,,,,,,,,,,,,,,,
396,,,,,,,,,,,,,,,,,,,,,6,1,1,1,0,,,,,,,,,,,,,,,,,,,,,,,,,,,,,,,,,,,,,,,,,,,,,,,,,,,,,,,,,,,,,,,,,,,,,,,,,,,,,,,,,,,,,,,,,,,,,,,
397,,,,,,,,,,,,,,,,,,,,,15,4,4,1,0,,,,,,,,,,,,,,,,,,,,,,,,,,,,,,,,,,,,,,,,,,,,,,,,,,,,,,,,,,,,,,,,,,,,,,,,,,,,,,,,,,,,,,,,,,,,,,,
398,,,,,,,,,,,,,,,,,,,,,28,1,1,1,0,,,,,,,,,,,,,,,,,,,,,,,,,,,,,,,,,,,,,,,,,,,,,,,,,,,,,,,,,,,,,,,,,,,,,,,,,,,,,,,,,,,,,,,,,,,,,,,
399,,,,,,,,,,,,,,,,,,,,,6,2,1,1,0,,,,,,,,,,,,,,,,,,,,,,,,,,,,,,,,,,,,,,,,,,,,,,,,,,,,,,,,,,,,,,,,,,,,,,,,,,,,,,,,,,,,,,,,,,,,,,,
400,,,,,,,,,,,,,,,,,,,,,7,1,1,1,0,,,,,,,,,,,,,,,,,,,,,,,,,,,,,,,,,,,,,,,,,,,,,,,,,,,,,,,,,,,,,,,,,,,,,,,,,,,,,,,,,,,,,,,,,,,,,,,
401,,,,,,,,,,,,,,,,,,,,,17,3,4,1,0,,,,,,,,,,,,,,,,,,,,,,,,,,,,,,,,,,,,,,,,,,,,,,,,,,,,,,,,,,,,,,,,,,,,,,,,,,,,,,,,,,,,,,,,,,,,,,,
402,,,,,,,,,,,,,,,,,,,,,188,1,1,1,0,,,,,,,,,,,,,,,,,,,,,,,,,,,,,,,,,,,,,,,,,,,,,,,,,,,,,,,,,,,,,,,,,,,,,,,,,,,,,,,,,,,,,,,,,,,,,,,
403,,,,,,,,,,,,,,,,,,,,,9,4,3,1,0,,,,,,,,,,,,,,,,,,,,,,,,,,,,,,,,,,,,,,,,,,,,,,,,,,,,,,,,,,,,,,,,,,,,,,,,,,,,,,,,,,,,,,,,,,,,,,,
404,,,,,,,,,,,,,,,,,,,,,125,1,1,1,0,,,,,,,,,,,,,,,,,,,,,,,,,,,,,,,,,,,,,,,,,,,,,,,,,,,,,,,,,,,,,,,,,,,,,,,,,,,,,,,,,,,,,,,,,,,,,,,
405,,,,,,,,,,,,,,,,,,,,,16,3,4,1,0,,,,,,,,,,,,,,,,,,,,,,,,,,,,,,,,,,,,,,,,,,,,,,,,,,,,,,,,,,,,,,,,,,,,,,,,,,,,,,,,,,,,,,,,,,,,,,,
406,,,,,,,,,,,,,,,,,,,,,65,1,1,1,0,,,,,,,,,,,,,,,,,,,,,,,,,,,,,,,,,,,,,,,,,,,,,,,,,,,,,,,,,,,,,,,,,,,,,,,,,,,,,,,,,,,,,,,,,,,,,,,
407,,,,,,,,,,,,,,,,,,,,,6,3,3,1,0,,,,,,,,,,,,,,,,,,,,,,,,,,,,,,,,,,,,,,,,,,,,,,,,,,,,,,,,,,,,,,,,,,,,,,,,,,,,,,,,,,,,,,,,,,,,,,,
408,,,,,,,,,,,,,,,,,,,,,80,1,1,1,0,,,,,,,,,,,,,,,,,,,,,,,,,,,,,,,,,,,,,,,,,,,,,,,,,,,,,,,,,,,,,,,,,,,,,,,,,,,,,,,,,,,,,,,,,,,,,,,
409,,,,,,,,,,,,,,,,,,,,,5,3,3,1,0,,,,,,,,,,,,,,,,,,,,,,,,,,,,,,,,,,,,,,,,,,,,,,,,,,,,,,,,,,,,,,,,,,,,,,,,,,,,,,,,,,,,,,,,,,,,,,,
410,,,,,,,,,,,,,,,,,,,,,6,1,1,1,0,,,,,,,,,,,,,,,,,,,,,,,,,,,,,,,,,,,,,,,,,,,,,,,,,,,,,,,,,,,,,,,,,,,,,,,,,,,,,,,,,,,,,,,,,,,,,,,
411,,,,,,,,,,,,,,,,,,,,,3,3,3,1,0,,,,,,,,,,,,,,,,,,,,,,,,,,,,,,,,,,,,,,,,,,,,,,,,,,,,,,,,,,,,,,,,,,,,,,,,,,,,,,,,,,,,,,,,,,,,,,,
412,,,,,,,,,,,,,,,,,,,,,10,1,1,1,0,,,,,,,,,,,,,,,,,,,,,,,,,,,,,,,,,,,,,,,,,,,,,,,,,,,,,,,,,,,,,,,,,,,,,,,,,,,,,,,,,,,,,,,,,,,,,,,
413,,,,,,,,,,,,,,,,,,,,,4,3,3,1,0,,,,,,,,,,,,,,,,,,,,,,,,,,,,,,,,,,,,,,,,,,,,,,,,,,,,,,,,,,,,,,,,,,,,,,,,,,,,,,,,,,,,,,,,,,,,,,,
414,,,,,,,,,,,,,,,,,,,,,15,1,1,1,0,,,,,,,,,,,,,,,,,,,,,,,,,,,,,,,,,,,,,,,,,,,,,,,,,,,,,,,,,,,,,,,,,,,,,,,,,,,,,,,,,,,,,,,,,,,,,,,
415,,,,,,,,,,,,,,,,,,,,,6,3,3,1,0,,,,,,,,,,,,,,,,,,,,,,,,,,,,,,,,,,,,,,,,,,,,,,,,,,,,,,,,,,,,,,,,,,,,,,,,,,,,,,,,,,,,,,,,,,,,,,,
416,,,,,,,,,,,,,,,,,,,,,256,1,6,1,0,,,,,,,,,,,,,,,,,,,,,,,,,,,,,,,,,,,,,,,,,,,,,,,,,,,,,,,,,,,,,,,,,,,,,,,,,,,,,,,,,,,,,,,,,,,,,,,
417,,,,,,,,,,,,,,,,,,,,,172,2,1,1,0,,,,,,,,,,,,,,,,,,,,,,,,,,,,,,,,,,,,,,,,,,,,,,,,,,,,,,,,,,,,,,,,,,,,,,,,,,,,,,,,,,,,,,,,,,,,,,,
418,,,,,,,,,,,,,,,,,,,,,15,3,4,1,0,,,,,,,,,,,,,,,,,,,,,,,,,,,,,,,,,,,,,,,,,,,,,,,,,,,,,,,,,,,,,,,,,,,,,,,,,,,,,,,,,,,,,,,,,,,,,,,
419,,,,,,,,,,,,,,,,,,,,,9,1,1,1,0,,,,,,,,,,,,,,,,,,,,,,,,,,,,,,,,,,,,,,,,,,,,,,,,,,,,,,,,,,,,,,,,,,,,,,,,,,,,,,,,,,,,,,,,,,,,,,,
420,,,,,,,,,,,,,,,,,,,,,12,3,4,1,0,,,,,,,,,,,,,,,,,,,,,,,,,,,,,,,,,,,,,,,,,,,,,,,,,,,,,,,,,,,,,,,,,,,,,,,,,,,,,,,,,,,,,,,,,,,,,,,
421,,,,,,,,,,,,,,,,,,,,,29,1,1,1,0,,,,,,,,,,,,,,,,,,,,,,,,,,,,,,,,,,,,,,,,,,,,,,,,,,,,,,,,,,,,,,,,,,,,,,,,,,,,,,,,,,,,,,,,,,,,,,,
422,,,,,,,,,,,,,,,,,,,,,2.5,3,3,1,0,,,,,,,,,,,,,,,,,,,,,,,,,,,,,,,,,,,,,,,,,,,,,,,,,,,,,,,,,,,,,,,,,,,,,,,,,,,,,,,,,,,,,,,,,,,,,,,
423,,,,,,,,,,,,,,,,,,,,,3,1,1,1,0,,,,,,,,,,,,,,,,,,,,,,,,,,,,,,,,,,,,,,,,,,,,,,,,,,,,,,,,,,,,,,,,,,,,,,,,,,,,,,,,,,,,,,,,,,,,,,,
424,,,,,,,,,,,,,,,,,,,,,2.2,3,3,1,0,,,,,,,,,,,,,,,,,,,,,,,,,,,,,,,,,,,,,,,,,,,,,,,,,,,,,,,,,,,,,,,,,,,,,,,,,,,,,,,,,,,,,,,,,,,,,,,
425,,,,,,,,,,,,,,,,,,,,,9,1,1,1,0,,,,,,,,,,,,,,,,,,,,,,,,,,,,,,,,,,,,,,,,,,,,,,,,,,,,,,,,,,,,,,,,,,,,,,,,,,,,,,,,,,,,,,,,,,,,,,,
426,,,,,,,,,,,,,,,,,,,,,5,3,3,1,0,,,,,,,,,,,,,,,,,,,,,,,,,,,,,,,,,,,,,,,,,,,,,,,,,,,,,,,,,,,,,,,,,,,,,,,,,,,,,,,,,,,,,,,,,,,,,,,
427,,,,,,,,,,,,,,,,,,,,,4,1,1,1,0,,,,,,,,,,,,,,,,,,,,,,,,,,,,,,,,,,,,,,,,,,,,,,,,,,,,,,,,,,,,,,,,,,,,,,,,,,,,,,,,,,,,,,,,,,,,,,,
428,,,,,,,,,,,,,,,,,,,,,6,3,3,1,0,,,,,,,,,,,,,,,,,,,,,,,,,,,,,,,,,,,,,,,,,,,,,,,,,,,,,,,,,,,,,,,,,,,,,,,,,,,,,,,,,,,,,,,,,,,,,,,
429,,,,,,,,,,,,,,,,,,,,,1,1,1,1,0,,,,,,,,,,,,,,,,,,,,,,,,,,,,,,,,,,,,,,,,,,,,,,,,,,,,,,,,,,,,,,,,,,,,,,,,,,,,,,,,,,,,,,,,,,,,,,,
430,,,,,,,,,,,,,,,,,,,,,3,3,3,1,0,,,,,,,,,,,,,,,,,,,,,,,,,,,,,,,,,,,,,,,,,,,,,,,,,,,,,,,,,,,,,,,,,,,,,,,,,,,,,,,,,,,,,,,,,,,,,,,
431,,,,,,,,,,,,,,,,,,,,,2,1,1,1,0,,,,,,,,,,,,,,,,,,,,,,,,,,,,,,,,,,,,,,,,,,,,,,,,,,,,,,,,,,,,,,,,,,,,,,,,,,,,,,,,,,,,,,,,,,,,,,,
432,,,,,,,,,,,,,,,,,,,,,2,3,3,1,0,,,,,,,,,,,,,,,,,,,,,,,,,,,,,,,,,,,,,,,,,,,,,,,,,,,,,,,,,,,,,,,,,,,,,,,,,,,,,,,,,,,,,,,,,,,,,,,
433,,,,,,,,,,,,,,,,,,,,,44,1,1,1,0,,,,,,,,,,,,,,,,,,,,,,,,,,,,,,,,,,,,,,,,,,,,,,,,,,,,,,,,,,,,,,,,,,,,,,,,,,,,,,,,,,,,,,,,,,,,,,,
434,,,,,,,,,,,,,,,,,,,,,1.6,4,3,1,0,,,,,,,,,,,,,,,,,,,,,,,,,,,,,,,,,,,,,,,,,,,,,,,,,,,,,,,,,,,,,,,,,,,,,,,,,,,,,,,,,,,,,,,,,,,,,,,
435,,,,,,,,,,,,,,,,,,,,,34,5,7,2,1,,,,,,,,,,,,,,,,,,,,,,,,,,,,,,,,,,,,,,,,,,,,,,,,,,,,,,,,,,,,,,,,,,,,,,,,,,,,,,,,,,,,,,,,,,,,,,,
436,,,,,,,,,,,,,,,,,,,,,104,5,7,2,1,,,,,,,,,,,,,,,,,,,,,,,,,,,,,,,,,,,,,,,,,,,,,,,,,,,,,,,,,,,,,,,,,,,,,,,,,,,,,,,,,,,,,,,,,,,,,,,
437,,,,,,,,,,,,,,,,,,,,,40,1,1,1,0,,,,,,,,,,,,,,,,,,,,,,,,,,,,,,,,,,,,,,,,,,,,,,,,,,,,,,,,,,,,,,,,,,,,,,,,,,,,,,,,,,,,,,,,,,,,,,,
438,,,,,,,,,,,,,,,,,,,,,12,3,4,1,0,,,,,,,,,,,,,,,,,,,,,,,,,,,,,,,,,,,,,,,,,,,,,,,,,,,,,,,,,,,,,,,,,,,,,,,,,,,,,,,,,,,,,,,,,,,,,,,
439,,,,,,,,,,,,,,,,,,,,,12,1,1,1,0,,,,,,,,,,,,,,,,,,,,,,,,,,,,,,,,,,,,,,,,,,,,,,,,,,,,,,,,,,,,,,,,,,,,,,,,,,,,,,,,,,,,,,,,,,,,,,,
440,,,,,,,,,,,,,,,,,,,,,4,3,3,1,0,,,,,,,,,,,,,,,,,,,,,,,,,,,,,,,,,,,,,,,,,,,,,,,,,,,,,,,,,,,,,,,,,,,,,,,,,,,,,,,,,,,,,,,,,,,,,,,
441,,,,,,,,,,,,,,,,,,,,,2.5,1,1,1,0,,,,,,,,,,,,,,,,,,,,,,,,,,,,,,,,,,,,,,,,,,,,,,,,,,,,,,,,,,,,,,,,,,,,,,,,,,,,,,,,,,,,,,,,,,,,,,,
442,,,,,,,,,,,,,,,,,,,,,9,3,3,1,0,,,,,,,,,,,,,,,,,,,,,,,,,,,,,,,,,,,,,,,,,,,,,,,,,,,,,,,,,,,,,,,,,,,,,,,,,,,,,,,,,,,,,,,,,,,,,,,
443,,,,,,,,,,,,,,,,,,,,,86,1,1,1,0,,,,,,,,,,,,,,,,,,,,,,,,,,,,,,,,,,,,,,,,,,,,,,,,,,,,,,,,,,,,,,,,,,,,,,,,,,,,,,,,,,,,,,,,,,,,,,,
444,,,,,,,,,,,,,,,,,,,,,4,3,3,1,0,,,,,,,,,,,,,,,,,,,,,,,,,,,,,,,,,,,,,,,,,,,,,,,,,,,,,,,,,,,,,,,,,,,,,,,,,,,,,,,,,,,,,,,,,,,,,,,
445,,,,,,,,,,,,,,,,,,,,,80,1,1,1,0,,,,,,,,,,,,,,,,,,,,,,,,,,,,,,,,,,,,,,,,,,,,,,,,,,,,,,,,,,,,,,,,,,,,,,,,,,,,,,,,,,,,,,,,,,,,,,,
446,,,,,,,,,,,,,,,,,,,,,2,3,3,1,0,,,,,,,,,,,,,,,,,,,,,,,,,,,,,,,,,,,,,,,,,,,,,,,,,,,,,,,,,,,,,,,,,,,,,,,,,,,,,,,,,,,,,,,,,,,,,,,
447,,,,,,,,,,,,,,,,,,,,,90,1,1,1,1,,,,,,,,,,,,,,,,,,,,,,,,,,,,,,,,,,,,,,,,,,,,,,,,,,,,,,,,,,,,,,,,,,,,,,,,,,,,,,,,,,,,,,,,,,,,,,,
448,,,,,,,,,,,,,,,,,,,,,46,5,7,2,1,,,,,,,,,,,,,,,,,,,,,,,,,,,,,,,,,,,,,,,,,,,,,,,,,,,,,,,,,,,,,,,,,,,,,,,,,,,,,,,,,,,,,,,,,,,,,,,
449,,,,,,,,,,,,,,,,,,,,,55,5,7,2,1,,,,,,,,,,,,,,,,,,,,,,,,,,,,,,,,,,,,,,,,,,,,,,,,,,,,,,,,,,,,,,,,,,,,,,,,,,,,,,,,,,,,,,,,,,,,,,,
450,,,,,,,,,,,,,,,,,,,,,12,1,1,1,0,,,,,,,,,,,,,,,,,,,,,,,,,,,,,,,,,,,,,,,,,,,,,,,,,,,,,,,,,,,,,,,,,,,,,,,,,,,,,,,,,,,,,,,,,,,,,,,
451,,,,,,,,,,,,,,,,,,,,,39,5,7,2,1,,,,,,,,,,,,,,,,,,,,,,,,,,,,,,,,,,,,,,,,,,,,,,,,,,,,,,,,,,,,,,,,,,,,,,,,,,,,,,,,,,,,,,,,,,,,,,,
452,,,,,,,,,,,,,,,,,,,,,38,5,7,2,1,,,,,,,,,,,,,,,,,,,,,,,,,,,,,,,,,,,,,,,,,,,,,,,,,,,,,,,,,,,,,,,,,,,,,,,,,,,,,,,,,,,,,,,,,,,,,,,